Change,Close,Date,Momentum
0.0,20.8799991607666,2010-01-04,0
0.0004788468359706601,20.8700008392334,2010-01-05,0
0.003354173423953867,20.799999237060547,2010-01-06,0
0.009615329948400716,20.600000381469727,2010-01-07,0
0.011165026115398307,20.82999992370605,2010-01-08,1
0.005760962058229887,20.950000762939453,2010-01-11,1
0.01622912363752055,20.61000061035156,2010-01-12,0
0.016981973010971547,20.959999084472656,2010-01-13,1
0.024809183228872017,21.479999542236328,2010-01-14,1
0.03165737056179588,20.799999237060547,2010-01-15,0
0.012019231210093543,21.049999237060547,2010-01-19,1
0.0014252108186628893,21.07999992370605,2010-01-20,1
0.011385188424420375,20.84000015258789,2010-01-21,0
0.04462573408668112,19.90999984741211,2010-01-22,0
0.020592659495444494,20.31999969482422,2010-01-25,1
0.0157480167140813,20.0,2010-01-26,0
0.011999988555908203,20.239999771118164,2010-01-27,1
0.015810261780775717,19.920000076293945,2010-01-28,0
0.026104440550806282,19.399999618530273,2010-01-29,0
0.010824793605701885,19.61000061035156,2010-02-01,1
0.015298277803325993,19.90999984741211,2010-02-02,1
0.011551961024561401,19.68000030517578,2010-02-03,0
0.0335365770923556,19.020000457763672,2010-02-04,0
0.023659245255545414,19.46999931335449,2010-02-05,1
0.0061632735550460295,19.350000381469727,2010-02-08,0
0.015503836234951045,19.649999618530273,2010-02-09,1
0.002035670040910264,19.690000534057614,2010-02-10,1
0.018791209845057597,20.059999465942386,2010-02-11,1
0.018444708329208963,20.43000030517578,2010-02-12,1
0.014194762792305901,20.71999931335449,2010-02-16,1
0.002895727216733463,20.65999984741211,2010-02-17,0
0.008712502735005017,20.84000015258789,2010-02-18,1
0.0009597148568728891,20.81999969482422,2010-02-19,0
0.0024015919856910373,20.8700008392334,2010-02-22,1
0.022999589376278575,20.38999938964844,2010-02-23,0
0.015203598949021697,20.700000762939453,2010-02-24,1
0.0033817197870919862,20.6299991607666,2010-02-25,0
0.004847235976202427,20.530000686645508,2010-02-26,0
0.016561136932112048,20.8700008392334,2010-03-01,1
0.008145666960125997,20.700000762939453,2010-03-02,0
0.008695666596208412,20.520000457763672,2010-03-03,0
0.00048734057791175074,20.530000686645508,2010-03-04,1
0.01266440429546418,20.790000915527344,2010-03-05,1
0.0009620229380910808,20.770000457763672,2010-03-08,0
0.00818488553428977,20.940000534057614,2010-03-09,1
0.01193887266590039,21.190000534057614,2010-03-10,1
0.0028314990292686525,21.25,2010-03-11,1
0.0009411980124080882,21.270000457763672,2010-03-12,1
0.004701475285263845,21.170000076293945,2010-03-15,0
0.03967879780636004,22.01000022888184,2010-03-16,1
0.010449774640825122,22.239999771118164,2010-03-17,1
0.001798516573307496,22.200000762939453,2010-03-18,0
0.009459503811002721,21.989999771118164,2010-03-19,0
0.011368804120150648,22.239999771118164,2010-03-22,1
0.019334546295013834,22.670000076293945,2010-03-23,1
0.010586668297770859,22.43000030517578,2010-03-24,0
0.0035666483556665175,22.350000381469727,2010-03-25,0
0.004921727448504361,22.239999771118164,2010-03-26,0
0.004046769492541327,22.32999992370605,2010-03-29,1
0.0004478382855354609,22.34000015258789,2010-03-30,1
0.00223810370273229,22.290000915527344,2010-03-31,0
0.00448624809393515,22.38999938964844,2010-04-01,1
0.008932593496716032,22.59000015258789,2010-04-05,1
0.008410824824002974,22.399999618530273,2010-04-06,0
0.0022321939848524157,22.450000762939453,2010-04-07,1
0.00623613773894304,22.309999465942386,2010-04-08,0
0.010757497842370583,22.54999923706055,2010-04-09,1
0.00044338456192825947,22.540000915527344,2010-04-12,0
0.010204060909238304,22.770000457763672,2010-04-13,1
0.03293807575415659,23.520000457763672,2010-04-14,1
0.029761855525804442,24.21999931335449,2010-04-15,1
0.012386426323931766,23.920000076293945,2010-04-16,0
0.0033444784051375933,24.0,2010-04-19,1
0.0050000349680582685,24.1200008392334,2010-04-20,1
0.013267064305086423,23.79999923706055,2010-04-21,0
0.007983215972618658,23.989999771118164,2010-04-22,1
0.002084249474207025,24.040000915527344,2010-04-23,1
0.009151464738964592,23.81999969482422,2010-04-26,0
0.019731289646347624,23.35000038146973,2010-04-27,0
0.0038543961934713127,23.26000022888184,2010-04-28,0
0.009888200342781388,23.489999771118164,2010-04-29,1
0.027671333540389063,22.84000015258789,2010-04-30,0
0.01838879481121022,23.26000022888184,2010-05-03,1
0.030094615479421417,22.559999465942386,2010-05-04,0
0.01728720739719884,22.170000076293945,2010-05-05,0
0.029769952419523623,21.51000022888184,2010-05-06,0
0.009298036299921035,21.309999465942386,2010-05-07,0
0.05818863454689101,22.54999923706055,2010-05-10,1
0.01197332858314711,22.280000686645508,2010-05-11,0
0.036355450672310406,23.09000015258789,2010-05-12,1
0.025552193533518203,22.5,2010-05-13,0
0.027111138237847065,21.88999938964844,2010-05-14,0
0.005938833793513352,22.020000457763672,2010-05-17,1
0.02679383016905761,21.43000030517578,2010-05-18,0
0.007932807926880283,21.600000381469727,2010-05-19,1
0.03749997461283693,20.790000915527344,2010-05-20,0
0.005771954141432601,20.90999984741211,2010-05-21,1
0.011477750974152552,20.670000076293945,2010-05-24,0
0.008708287591262295,20.850000381469727,2010-05-25,1
0.007194226176781484,20.700000762939453,2010-05-26,0
0.05120770178135316,21.76000022888184,2010-05-27,1
0.015625006847960195,21.420000076293945,2010-05-28,0
0.011204471067382388,21.18000030517578,2010-06-01,0
0.02974500244046982,21.809999465942386,2010-06-02,1
0.004126554552577027,21.899999618530273,2010-06-03,1
0.04337894393326823,20.950000762939453,2010-06-04,0
0.030548986810980405,20.309999465942386,2010-06-07,0
0.006400746636384667,20.18000030517578,2010-06-08,0
0.01238850328143354,19.93000030517578,2010-06-09,0
0.03110882701410462,20.549999237060547,2010-06-10,1
0.0043795696315932185,20.63999938964844,2010-06-11,1
0.012112403458954667,20.88999938964844,2010-06-14,1
0.028243186683875543,21.479999542236328,2010-06-15,1
0.0004655600137314897,21.489999771118164,2010-06-16,1
0.0013960301053994298,21.520000457763672,2010-06-17,1
0.005576247057657765,21.399999618530273,2010-06-18,0
0.00981304150542234,21.190000534057614,2010-06-21,0
0.009910381620036374,20.979999542236328,2010-06-22,0
0.008102959008731269,20.809999465942386,2010-06-23,0
0.02354636154220477,20.31999969482422,2010-06-24,0
0.01427160494754228,20.030000686645508,2010-06-25,0
0.016475282695625176,20.36000061035156,2010-06-28,1
0.02799605489866304,19.790000915527344,2010-06-29,0
0.01718040105400524,19.450000762939453,2010-06-30,0
0.010282815171942815,19.25,2010-07-01,0
0.002597362964184253,19.200000762939453,2010-07-02,0
0.01458326917555852,19.479999542236328,2010-07-06,1
0.03388089645387867,20.13999938964844,2010-07-07,1
0.001986048132616786,20.100000381469727,2010-07-08,0
0.006965143631415227,20.239999771118164,2010-07-09,1
0.016304344240999157,20.56999969482422,2010-07-12,1
0.02139040061183534,21.01000022888184,2010-07-13,1
0.016658751911320022,21.36000061035156,2010-07-14,1
0.00702245385037991,21.51000022888184,2010-07-15,1
0.022780091394896253,21.020000457763672,2010-07-16,0
0.027117016289773255,21.59000015258789,2010-07-19,1
0.002779039625675545,21.649999618530273,2010-07-20,1
0.01801382893857572,21.26000022888184,2010-07-21,0
0.024459099349267387,21.780000686645508,2010-07-22,1
0.004132238280556076,21.690000534057614,2010-07-23,0
0.0009220170549853567,21.709999084472656,2010-07-26,1
0.0059879855480778265,21.57999992370605,2010-07-27,0
0.011584800782384162,21.32999992370605,2010-07-28,0
0.014064661890932579,21.030000686645508,2010-07-29,0
0.020446994347881334,20.600000381469727,2010-07-30,0
0.026698991595907273,21.149999618530273,2010-08-02,1
0.01323871320789803,20.8700008392334,2010-08-03,0
0.006708255456026751,20.729999542236328,2010-08-04,0
0.0028943303071539838,20.670000076293945,2010-08-05,0
0.0009676080159578734,20.649999618530273,2010-08-06,0
0.0,20.649999618530273,2010-08-09,0
0.040193701648364895,19.81999969482422,2010-08-10,0
0.019677063352845643,19.43000030517578,2010-08-11,0
0.0010293596216951234,19.450000762939453,2010-08-12,1
0.015424222757914222,19.149999618530273,2010-08-13,0
0.016710167164419743,19.46999931335449,2010-08-16,1
0.0030817347409901647,19.530000686645508,2010-08-17,1
0.0030721691670707453,19.59000015258789,2010-08-18,1
0.035222079054780725,18.899999618530273,2010-08-19,0
0.000529112649929968,18.90999984741211,2010-08-20,1
0.011105186999850518,18.700000762939453,2010-08-23,0
0.01550806971634361,18.40999984741211,2010-08-24,0
0.0038022648237044173,18.479999542236328,2010-08-25,1
0.01623372535128553,18.18000030517578,2010-08-26,0
0.010451074305181652,18.3700008392334,2010-08-27,1
0.022319092870430813,17.959999084472656,2010-08-30,0
0.01614693891768792,17.670000076293945,2010-08-31,0
0.026598715977655618,18.13999938964844,2010-09-01,1
0.007717822585868347,18.280000686645508,2010-09-02,1
0.008205668101525619,18.43000030517578,2010-09-03,1
0.01682037226311517,18.1200008392334,2010-09-07,0
0.012141347158592768,17.899999618530273,2010-09-08,0
0.005586613608986063,18.0,2010-09-09,1
0.001666704813639323,17.969999313354492,2010-09-10,0
0.032832508354601476,18.559999465942386,2010-09-13,1
0.009698292583794434,18.739999771118164,2010-09-14,1
0.0010672602992503695,18.71999931335449,2010-09-15,0
0.013354701344548383,18.96999931335449,2010-09-16,1
0.008434362319637284,18.809999465942386,2010-09-17,0
0.006379630124427694,18.93000030517578,2010-09-20,1
0.011093453834506412,19.13999938964844,2010-09-21,1
0.006792014885690619,19.01000022888184,2010-09-22,0
0.0015781528818674818,18.979999542236328,2010-09-23,0
0.02318232585193065,19.420000076293945,2010-09-24,1
0.00926881073473878,19.239999771118164,2010-09-27,0
0.014033287992496889,19.51000022888184,2010-09-28,1
0.013839080194575156,19.239999771118164,2010-09-29,0
0.002078950553770528,19.200000762939453,2010-09-30,0
0.006249944120647744,19.31999969482422,2010-10-01,1
0.0232918665993237,18.8700008392334,2010-10-04,0
0.014838302429468788,19.149999618530273,2010-10-05,1
0.008355083582210151,19.309999465942386,2010-10-06,1
0.004660805545159284,19.399999618530273,2010-10-07,1
0.006185610391392863,19.520000457763672,2010-10-08,1
0.0020491294692980256,19.559999465942386,2010-10-11,1
0.010736247318765855,19.770000457763672,2010-10-12,1
0.026808329508023695,19.239999771118164,2010-10-13,0
0.00415800024208656,19.31999969482422,2010-10-14,1
0.0,19.31999969482422,2010-10-15,0
0.006728735135613464,19.190000534057614,2010-10-18,0
0.001042133916544193,19.209999084472656,2010-10-19,1
0.02238419186200544,19.63999938964844,2010-10-20,1
0.006110022554106936,19.76000022888184,2010-10-21,1
0.004048579088026564,19.84000015258789,2010-10-22,1
0.0015121313717124433,19.8700008392334,2010-10-25,1
0.008555614952883116,20.040000915527344,2010-10-26,1
0.0074850105627514,20.190000534057614,2010-10-27,1
0.01386819078209322,20.46999931335449,2010-10-28,1
0.020517835387514477,20.049999237060547,2010-10-29,0
0.025935185912750545,20.56999969482422,2010-11-01,1
0.011181309948886393,20.34000015258789,2010-11-02,0
0.006882959124787674,20.479999542236328,2010-11-03,1
0.023925770608911576,20.96999931335449,2010-11-04,1
0.012875558731741538,21.239999771118164,2010-11-05,1
0.00047082057389822104,21.229999542236328,2010-11-08,0
0.0032972066101535635,21.15999984741211,2010-11-09,0
0.0056710270675848625,21.040000915527344,2010-11-10,0
0.008079760529851274,21.209999084472656,2010-11-11,1
0.015087299197816432,21.530000686645508,2010-11-12,1
0.01068283521828333,21.299999237060547,2010-11-15,0
0.010798100961250017,21.06999969482422,2010-11-16,0
0.0004746193178298389,21.07999992370605,2010-11-17,1
0.002846274485746337,21.020000457763672,2010-11-18,0
0.005708797776949997,21.13999938964844,2010-11-19,1
0.0052034348877712175,21.25,2010-11-22,1
0.007529404584099265,21.09000015258789,2010-11-23,0
0.014224714788526847,21.38999938964844,2010-11-24,1
0.002337505305621806,21.34000015258789,2010-11-26,0
0.0004686142835208353,21.32999992370605,2010-11-29,0
0.007969998917112257,21.15999984741211,2010-11-30,0
0.015122859032693002,21.479999542236328,2010-12-01,1
0.010242142709106419,21.700000762939453,2010-12-02,1
0.0004608400244353205,21.690000534057614,2010-12-03,0
0.0004610524958787872,21.700000762939453,2010-12-06,1
0.005529992396974775,21.57999992370605,2010-12-07,0
0.01112139814488707,21.81999969482422,2010-12-08,1
0.00045830563802457225,21.809999465942386,2010-12-09,0
0.004585070330968121,21.90999984741211,2010-12-10,1
0.01871290964251359,21.5,2010-12-13,0
0.001395380774209831,21.46999931335449,2010-12-14,0
0.008849493841893156,21.280000686645508,2010-12-15,0
0.0009397814741420271,21.299999237060547,2010-12-16,1
0.007511730194511958,21.459999084472656,2010-12-17,1
0.010717593292105212,21.229999542236328,2010-12-20,0
0.006123370869979194,21.100000381469727,2010-12-21,0
0.009952653460883863,20.88999938964844,2010-12-22,0
0.002393453256170338,20.84000015258789,2010-12-23,0
0.0,20.84000015258789,2010-12-27,0
0.0019193381902995765,20.8799991607666,2010-12-28,1
0.0028736291045334096,20.940000534057614,2010-12-29,1
0.0038204356096335013,21.020000457763672,2010-12-30,1
0.00047574827136325696,21.030000686645508,2010-12-31,1
0.008559215373211339,20.850000381469727,2011-01-03,0
0.014388452353562968,21.149999618530273,2011-01-04,1
0.00992903490592369,20.940000534057614,2011-01-05,0
0.008118437056266888,20.770000457763672,2011-01-06,0
0.005296129413923296,20.65999984741211,2011-01-07,0
0.0014521145627821568,20.690000534057614,2011-01-10,1
0.017399646868560627,21.049999237060547,2011-01-11,1
0.011876484991023228,21.299999237060547,2011-01-12,1
0.00046940478363054243,21.290000915527344,2011-01-13,0
0.009863831977016662,21.07999992370605,2011-01-14,0
0.0,21.07999992370605,2011-01-18,0
0.0033206686469430063,21.01000022888184,2011-01-19,0
0.0028557575101739808,20.950000762939453,2011-01-20,0
0.006205301354700007,20.81999969482422,2011-01-21,0
0.020172914622969756,21.239999771118164,2011-01-24,1
0.014595078591475104,21.549999237060547,2011-01-25,1
0.009280778191189094,21.75,2011-01-26,1
0.0,21.75,2011-01-27,0
0.01333337542654454,21.459999084472656,2011-01-28,0
0.0,21.459999084472656,2011-01-31,0
0.0009319878199875214,21.479999542236328,2011-02-01,1
0.0037243913133589053,21.559999465942386,2011-02-02,1
0.00046383251992326873,21.56999969482422,2011-02-03,1
0.005099703843665674,21.68000030517578,2011-02-04,1
0.0004612651633332762,21.690000534057614,2011-02-07,1
0.0023052624793927896,21.63999938964844,2011-02-08,0
0.008317944096703094,21.459999084472656,2011-02-09,0
0.01584343742278615,21.799999237060547,2011-02-10,1
0.0018348169531450288,21.76000022888184,2011-02-11,0
0.008731642098304524,21.56999969482422,2011-02-14,0
0.005563232896732943,21.450000762939453,2011-02-15,0
0.013985977920284033,21.75,2011-02-16,1
0.010114910958827064,21.96999931335449,2011-02-17,1
0.007737828020350355,22.13999938964844,2011-02-18,1
0.014905146016415257,21.809999465942386,2011-02-22,0
0.03026134175027111,21.149999618530273,2011-02-23,0
0.006619446785919096,21.290000915527344,2011-02-24,1
0.026773117440708975,21.86000061035156,2011-02-25,1
0.01784086395735916,21.46999931335449,2011-02-28,0
0.0037261260486527855,21.38999938964844,2011-03-01,0
0.004675099781354719,21.489999771118164,2011-03-02,1
0.013960034788477342,21.790000915527344,2011-03-03,1
0.01055536667834927,21.559999465942386,2011-03-04,0
0.01623378432929064,21.209999084472656,2011-03-07,0
0.0037718023177389366,21.1299991607666,2011-03-08,0
0.0033129013229128727,21.200000762939453,2011-03-09,1
0.019339614747978975,20.790000915527344,2011-03-10,0
0.0038480000088073813,20.8700008392334,2011-03-11,1
0.0014375028959802286,20.84000015258789,2011-03-14,0
0.031669858089235725,20.18000030517578,2011-03-15,0
0.018335026443904303,19.809999465942386,2011-03-16,0
0.004543167845239801,19.899999618530273,2011-03-17,1
0.0015075722221407526,19.93000030517578,2011-03-18,1
0.013045671093858983,20.190000534057614,2011-03-21,1
0.001981224094564259,20.149999618530273,2011-03-22,0
0.006947955317494041,20.290000915527344,2011-03-23,1
0.0044355959181049025,20.3799991607666,2011-03-24,1
0.0004905947961200522,20.3700008392334,2011-03-25,0
0.0014727876980606376,20.34000015258789,2011-03-28,0
0.0029498262287254206,20.280000686645508,2011-03-29,0
0.008875660341849908,20.459999084472656,2011-03-30,1
0.013685180441155029,20.18000030517578,2011-03-31,0
0.022794895186563066,19.71999931335449,2011-04-01,0
0.011663263197000603,19.489999771118164,2011-04-04,0
0.011287804819808398,19.709999084472656,2011-04-05,1
0.012176645845502237,19.950000762939453,2011-04-06,1
0.004010021085045183,20.030000686645508,2011-04-07,1
0.0004992625331512512,20.020000457763672,2011-04-08,0
0.004995023935224079,20.1200008392334,2011-04-11,1
0.017892673724424928,19.76000022888184,2011-04-12,0
0.0010121689034413583,19.780000686645508,2011-04-13,1
0.01011126167829142,19.57999992370605,2011-04-14,0
0.008682332837403387,19.75,2011-04-15,1
0.006582235988182358,19.6200008392334,2011-04-18,0
0.012232403713166095,19.86000061035156,2011-04-19,1
0.078046283455432,21.40999984741211,2011-04-20,1
0.0023353216915875147,21.459999084472656,2011-04-21,1
0.022367263283448208,21.940000534057614,2011-04-25,1
0.024612533957803252,22.479999542236328,2011-04-26,1
0.006672581031349583,22.6299991607666,2011-04-27,1
0.007512155660556818,22.79999923706055,2011-04-28,1
0.015350894437786226,23.149999618530273,2011-04-29,1
0.010367160910277413,22.90999984741211,2011-05-02,0
0.013967686466849347,23.229999542236328,2011-05-03,1
0.011622921355326003,23.5,2011-05-04,1
0.004680877036236551,23.61000061035156,2011-05-05,1
0.015247801823169815,23.25,2011-05-06,0
0.02107525897282411,22.76000022888184,2011-05-09,0
0.011862937392287387,23.03000068664551,2011-05-10,1
0.016500180175285425,23.40999984741211,2011-05-11,1
0.01281500380247592,23.709999084472656,2011-05-12,1
0.01265285738694997,23.40999984741211,2011-05-13,0
0.009824841680285499,23.63999938964844,2011-05-16,1
0.0038071131519275834,23.54999923706055,2011-05-17,0
0.014012736067809778,23.8799991607666,2011-05-18,1
0.014237782964324992,23.540000915527344,2011-05-19,0
0.013593950285778332,23.21999931335449,2011-05-20,0
0.015503820570566687,22.86000061035156,2011-05-23,0
0.01093613269138733,22.61000061035156,2011-05-24,0
0.0030959616512426925,22.68000030517578,2011-05-25,1
0.007936521285438588,22.5,2011-05-26,0
0.012888929578993055,22.209999084472656,2011-05-27,0
0.013507481169547572,22.51000022888184,2011-05-31,1
0.022656607005604335,22.0,2011-06-01,0
0.0040909160267223015,22.09000015258789,2011-06-02,1
0.0162969944710203,21.729999542236328,2011-06-03,0
0.004601950463705879,21.82999992370605,2011-06-06,1
0.01053593875584808,22.059999465942386,2011-06-07,1
0.010879409652239309,21.81999969482422,2011-06-08,0
0.0027497464152857593,21.76000022888184,2011-06-09,0
0.017463284196608884,21.3799991607666,2011-06-10,0
0.0004677375712993677,21.38999938964844,2011-06-13,1
0.02010286664074772,21.81999969482422,2011-06-14,1
0.018331788456676962,21.420000076293945,2011-06-15,0
0.0,21.420000076293945,2011-06-16,0
0.010737606975589042,21.190000534057614,2011-06-17,0
0.006606861072203541,21.32999992370605,2011-06-20,1
0.015002329862578963,21.649999618530273,2011-06-21,1
0.011547344314316964,21.399999618530273,2011-06-22,0
0.01448595661066994,21.709999084472656,2011-06-23,1
0.02349140225887721,21.200000762939453,2011-06-24,0
0.0066037445570839735,21.34000015258789,2011-06-27,1
0.007029035494738882,21.489999771118164,2011-06-28,1
0.004653344929492282,21.38999938964844,2011-06-29,0
0.035998152395287364,22.15999984741211,2011-06-30,1
0.01669678888904015,22.53000068664551,2011-07-01,1
0.003994680419217415,22.440000534057614,2011-07-05,0
0.013814592627655883,22.75,2011-07-06,1
0.021098880977421016,23.229999542236328,2011-07-07,1
0.006026663469962337,23.09000015258789,2011-07-08,0
0.01039410002304663,22.85000038146973,2011-07-11,0
0.017505453472756078,22.450000762939453,2011-07-12,0
0.001336248475607943,22.479999542236328,2011-07-13,1
0.009341596474595185,22.270000457763672,2011-07-14,0
0.004490362793632761,22.3700008392334,2011-07-15,1
0.004023252088128882,22.280000686645508,2011-07-18,0
0.03500892079255657,23.059999465942386,2011-07-19,1
0.00303554624654722,22.989999771118164,2011-07-20,0
0.007829504435311399,22.809999465942386,2011-07-21,0
0.014028921627201561,23.1299991607666,2011-07-22,1
0.004323323724572756,23.03000068664551,2011-07-25,0
0.005644857326931045,22.899999618530273,2011-07-26,0
0.016157158866734894,22.53000068664551,2011-07-27,0
0.0008876409145825306,22.54999923706055,2011-07-28,1
0.009756067441143592,22.32999992370605,2011-07-29,0
0.00403045915339842,22.239999771118164,2011-08-01,0
0.023381315787555482,21.71999931335449,2011-08-02,0
0.00414365356506072,21.809999465942386,2011-08-03,1
0.0440164652902333,20.850000381469727,2011-08-04,0
0.0028776721748027816,20.790000915527344,2011-08-05,0
0.03270804594664138,20.11000061035156,2011-08-08,0
0.024365974950092333,20.600000381469727,2011-08-09,1
0.03252427494596694,19.93000030517578,2011-08-10,0
0.04164575569477081,20.76000022888184,2011-08-11,1
0.005298680594354253,20.649999618530273,2011-08-12,0
0.0116222651598891,20.88999938964844,2011-08-15,1
0.004786906512340506,20.790000915527344,2011-08-16,0
0.005772045884989543,20.670000076293945,2011-08-17,0
0.04354134568013219,19.770000457763672,2011-08-18,0
0.02933737533012006,19.190000534057614,2011-08-19,0
0.00990091826062153,19.3799991607666,2011-08-22,1
0.017027860577729825,19.709999084472656,2011-08-23,1
0.0045662179994108605,19.799999237060547,2011-08-24,1
0.01919187754590112,19.420000076293945,2011-08-25,0
0.018022676626915833,19.770000457763672,2011-08-26,1
0.026808233031109754,20.299999237060547,2011-08-29,1
0.0029556388274559744,20.239999771118164,2011-08-30,0
0.005434812825864251,20.1299991607666,2011-08-31,0
0.006954763809493669,19.989999771118164,2011-09-01,0
0.01750877366068851,19.63999938964844,2011-09-02,0
0.0050915721603231314,19.540000915527344,2011-09-06,0
0.02763556718923183,20.07999992370605,2011-09-07,1
0.008964158658351033,19.899999618530273,2011-09-08,0
0.010050193940937943,19.700000762939453,2011-09-09,0
0.029441619352481307,20.280000686645508,2011-09-12,1
0.023668615679703305,20.76000022888184,2011-09-13,1
0.017341069671604193,21.1200008392334,2011-09-14,1
0.019886366458553146,21.540000915527344,2011-09-15,1
0.019962784565954957,21.96999931335449,2011-09-16,1
0.0018206194551127703,21.93000030517578,2011-09-19,0
0.012311922207312876,22.200000762939453,2011-09-20,1
0.011711721619211937,21.940000534057614,2011-09-21,0
0.014585218187550974,21.6200008392334,2011-09-22,0
0.024976826420782795,22.15999984741211,2011-09-23,1
0.0036101048852397555,22.239999771118164,2011-09-26,1
0.013489260229164853,22.540000915527344,2011-09-27,1
0.01020414552984841,22.309999465942386,2011-09-28,0
0.0044823121409028705,22.209999084472656,2011-09-29,0
0.03917149787246029,21.34000015258789,2011-09-30,0
0.03373942400216798,20.6200008392334,2011-10-03,0
0.029097887958349698,21.21999931335449,2011-10-04,1
0.029689023963292788,21.850000381469727,2011-10-05,1
0.008238000093054169,22.030000686645508,2011-10-06,1
0.011802098083430699,22.290000915527344,2011-10-07,1
0.02646918891906647,22.8799991607666,2011-10-10,1
0.00480771916024305,22.989999771118164,2011-10-11,1
0.005654678965179977,23.1200008392334,2011-10-12,1
0.011678137569825239,23.38999938964844,2011-10-13,1
0.004702890689267876,23.5,2011-10-14,1
0.009361672908701645,23.28000068664551,2011-10-17,0
0.005154593141983841,23.399999618530273,2011-10-18,1
0.03589744300349053,24.239999771118164,2011-10-19,1
0.025990064633467775,23.61000061035156,2011-10-20,0
0.017789075198490583,24.03000068664551,2011-10-21,1
0.023304180188958325,24.59000015258789,2011-10-24,1
0.0016266371667550143,24.6299991607666,2011-10-25,1
0.002842127671865874,24.70000076293945,2011-10-26,1
0.017408841479565184,25.1299991607666,2011-10-27,1
0.005968946420199468,24.979999542236328,2011-10-28,0
0.017614036620178162,24.540000915527344,2011-10-31,0
0.026079921480040305,23.899999618530273,2011-11-01,0
0.002092018320442886,23.85000038146973,2011-11-02,0
0.014675068170718036,24.20000076293945,2011-11-03,1
0.01900830484789669,23.739999771118164,2011-11-04,0
0.0227464583291322,24.28000068664551,2011-11-07,1
0.019357467053656128,24.75,2011-11-08,1
0.03676767060250947,23.84000015258789,2011-11-09,0
0.00922815905815396,24.059999465942386,2011-11-10,1
0.032834618996796426,24.85000038146973,2011-11-11,1
0.008853167699231914,24.6299991607666,2011-11-14,0
0.028826675437011687,25.34000015258789,2011-11-15,1
0.015785304503616048,24.940000534057614,2011-11-16,0
0.024057753352906844,24.34000015258789,2011-11-17,0
0.002054200359371437,24.290000915527344,2011-11-18,0
0.029641877050851216,23.56999969482422,2011-11-21,0
0.01400084548064377,23.239999771118164,2011-11-22,0
0.02323575789573827,22.70000076293945,2011-11-23,0
0.0013215320831995415,22.729999542236328,2011-11-25,1
0.032116126570080256,23.459999084472656,2011-11-28,1
0.005115125486633936,23.57999992370605,2011-11-29,1
0.05640372892321126,24.90999984741211,2011-11-30,1
0.00040145439354046636,24.920000076293945,2011-12-01,1
0.011235982575773146,24.63999938964844,2011-12-02,0
0.015016268197995177,25.01000022888184,2011-12-05,1
0.013594568151792916,25.35000038146973,2011-12-06,1
0.012228775592799666,25.65999984741211,2011-12-07,1
0.03702263322637017,24.709999084472656,2011-12-08,0
0.012140880434014215,25.01000022888184,2011-12-09,1
0.04038385524345096,24.0,2011-12-12,0
0.0183333555857339,23.559999465942386,2011-12-13,0
0.010611205673471782,23.309999465942386,2011-12-14,0
0.0,23.309999465942386,2011-12-15,0
0.0034320002376209396,23.229999542236328,2011-12-16,0
0.005596175778231768,23.10000038146973,2011-12-19,0
0.03203462159731264,23.84000015258789,2011-12-20,1
0.00671140295251806,23.68000030517578,2011-12-21,0
0.014358114366813423,24.020000457763672,2011-12-22,1
0.015820114634668102,24.399999618530273,2011-12-23,1
0.00655737089809637,24.559999465942386,2011-12-27,1
0.013436479270436168,24.229999542236328,2011-12-28,0
0.013206756123392302,24.54999923706055,2011-12-29,1
0.012219928569597393,24.25,2011-12-30,0
0.011958800640302835,24.540000915527344,2012-01-03,1
0.023227370560673283,25.11000061035156,2012-01-04,1
0.011549143812412448,25.399999618530273,2012-01-05,1
0.005905496881222115,25.25,2012-01-06,0
0.008712844093247074,25.46999931335449,2012-01-09,1
0.004711458283019382,25.59000015258789,2012-01-10,1
0.008206294772195333,25.79999923706055,2012-01-11,1
0.0019379549821353773,25.75,2012-01-12,0
0.023689344091322676,25.13999938964844,2012-01-13,0
0.003977664142755403,25.040000915527344,2012-01-17,0
0.013977574334035375,25.38999938964844,2012-01-18,1
0.00945253158280929,25.6299991607666,2012-01-19,1
0.029262583868830967,26.3799991607666,2012-01-20,1
0.012509474382275336,26.709999084472656,2012-01-23,1
0.00711346089742363,26.899999618530273,2012-01-24,1
0.0,26.899999618530273,2012-01-25,0
0.005576194076484114,26.75,2012-01-26,0
0.0007476806640625,26.729999542236328,2012-01-27,0
0.0003741200543619344,26.739999771118164,2012-01-30,1
0.011967079190847637,26.420000076293945,2012-01-31,0
0.0049204829822559444,26.54999923706055,2012-02-01,1
0.002259866955424784,26.489999771118164,2012-02-02,0
0.009437523675352123,26.739999771118164,2012-02-03,1
0.0007479602817827206,26.71999931335449,2012-02-06,0
0.0029940091976747964,26.63999938964844,2012-02-07,0
0.007882920294018084,26.85000038146973,2012-02-08,1
0.00037244799775609664,26.86000061035156,2012-02-09,1
0.005956807288770021,26.70000076293945,2012-02-10,0
0.0,26.70000076293945,2012-02-13,0
0.002996251738580642,26.78000068664551,2012-02-14,1
0.007468288193106559,26.57999992370605,2012-02-15,0
0.009405568123310306,26.82999992370605,2012-02-16,1
0.020126757997126245,27.3700008392334,2012-02-17,1
0.007672670273369672,27.15999984741211,2012-02-21,0
0.01583211736345989,26.729999542236328,2012-02-22,0
0.002618769024429333,26.65999984741211,2012-02-23,0
0.0015004094432214746,26.70000076293945,2012-02-24,1
0.007116053231455945,26.88999938964844,2012-02-27,1
0.013016005556491718,27.239999771118164,2012-02-28,1
0.013215881548327377,26.8799991607666,2012-02-29,0
0.0007439937142643968,26.86000061035156,2012-03-01,0
0.0022337849806028376,26.920000076293945,2012-03-02,1
0.014115867744786268,26.540000915527344,2012-03-05,0
0.0026375166695364193,26.61000061035156,2012-03-06,1
0.01127392822921799,26.90999984741211,2012-03-07,1
0.0026012521449698374,26.84000015258789,2012-03-08,0
0.008569282448910559,27.06999969482422,2012-03-09,1
0.002955298286218698,26.989999771118164,2012-03-12,0
0.018525379927385066,27.489999771118164,2012-03-13,1
0.001091330916525778,27.459999084472656,2012-03-14,0
0.010560849424475244,27.75,2012-03-15,1
0.0007207372167088964,27.729999542236328,2012-03-16,0
0.0003606285267550875,27.739999771118164,2012-03-19,1
0.00036049852070466835,27.75,2012-03-20,1
0.0010811058250634726,27.78000068664551,2012-03-21,1
0.004319615871804076,27.899999618530273,2012-03-22,1
0.0007168622952377469,27.8799991607666,2012-03-23,0
0.011119131370966947,28.190000534057614,2012-03-26,1
0.0,28.190000534057614,2012-03-27,0
0.013834738900621339,27.79999923706055,2012-03-28,0
0.012949662598250627,28.15999984741211,2012-03-29,1
0.0014204193322247772,28.1200008392334,2012-03-30,0
0.009246028228080634,28.3799991607666,2012-04-02,1
0.009513691275519735,28.11000061035156,2012-04-03,0
0.006403425872196255,27.93000030517578,2012-04-04,0
0.005012509420649517,28.06999969482422,2012-04-05,1
0.011043800118014948,27.76000022888184,2012-04-09,0
0.011167127643603645,27.45000076293945,2012-04-10,0
0.014571934696276018,27.85000038146973,2012-04-11,1
0.022621154475307444,28.479999542236328,2012-04-12,1
0.013693799013938244,28.09000015258789,2012-04-13,0
0.011391943506085658,28.40999984741211,2012-04-16,1
0.002111913631278835,28.46999931335449,2012-04-17,1
0.018264789706936246,27.95000076293945,2012-04-18,0
0.009302333516447898,27.690000534057614,2012-04-19,0
0.0032502763037937418,27.60000038146973,2012-04-20,0
0.005434768712213072,27.45000076293945,2012-04-23,0
0.005100229257045432,27.309999465942386,2012-04-24,0
0.02013918546922951,27.86000061035156,2012-04-25,1
0.0129217047780383,28.21999931335449,2012-04-26,1
0.0056697325054999755,28.3799991607666,2012-04-27,1
0.0007047377855923665,28.399999618530273,2012-04-30,1
0.01936623773932428,28.95000076293945,2012-05-01,1
0.007944716275474757,29.18000030517578,2012-05-02,1
0.021247458284756177,28.559999465942386,2012-05-03,0
0.023109238786896982,27.899999618530273,2012-05-04,0
0.005017899339161671,27.76000022888184,2012-05-07,0
0.014048969251905156,27.3700008392334,2012-05-08,0
0.006576554609299252,27.190000534057614,2012-05-09,0
0.0018388832687929687,27.239999771118164,2012-05-10,1
0.014317158330593795,27.6299991607666,2012-05-11,1
0.02207740577383373,27.020000457763672,2012-05-14,0
0.005181395063849589,26.8799991607666,2012-05-15,0
0.014136873981798302,26.5,2012-05-16,0
0.011698093054429674,26.190000534057614,2012-05-17,0
0.004581933439724263,26.06999969482422,2012-05-18,0
0.0030686584059276913,26.149999618530273,2012-05-21,1
0.004588869355077507,26.03000068664551,2012-05-22,0
0.02266615970127856,25.440000534057614,2012-05-23,0
0.008254680820133045,25.649999618530273,2012-05-24,1
0.0035087779308531457,25.739999771118164,2012-05-25,1
0.013597528538537447,26.09000015258789,2012-05-29,1
0.0015331164409649648,26.1299991607666,2012-05-30,1
0.011098316781201266,25.84000015258789,2012-05-31,0
0.027089812647286077,25.13999938964844,2012-06-01,0
0.003977664142755403,25.040000915527344,2012-06-04,0
0.015575054927677669,25.43000030517578,2012-06-05,1
0.025167101139128893,26.06999969482422,2012-06-06,1
0.004986542473662337,25.940000534057614,2012-06-07,0
0.018118708700002366,26.40999984741211,2012-06-08,1
0.01590307000077854,25.989999771118164,2012-06-11,0
0.02039248523712879,26.520000457763672,2012-06-12,1
0.0007541650610272439,26.540000915527344,2012-06-13,1
0.016578696741926684,26.979999542236328,2012-06-14,1
0.01334324004668692,27.34000015258789,2012-06-15,1
0.002926112774673201,27.420000076293945,2012-06-18,1
0.0032822812668663747,27.51000022888184,2012-06-19,1
0.004725523798073972,27.63999938964844,2012-06-20,1
0.03364690035138288,26.709999084472656,2012-06-21,0
0.008611061679843497,26.940000534057614,2012-06-22,1
0.0330364246233745,26.04999923706055,2012-06-25,0
0.0015354706084522855,26.01000022888184,2012-06-26,0
0.008073782492299383,26.21999931335449,2012-06-27,1
0.014874118987859822,25.82999992370605,2012-06-28,0
0.03174602002501942,26.649999618530273,2012-06-29,1
0.0007504862307677168,26.670000076293945,2012-07-02,1
0.007124129490591889,26.86000061035156,2012-07-03,1
0.011541376256392835,26.54999923706055,2012-07-05,0
0.01468924297007322,26.15999984741211,2012-07-06,0
0.00038227174847729273,26.170000076293945,2012-07-09,1
0.023309155849186528,25.559999465942386,2012-07-10,0
0.006651020338261869,25.38999938964844,2012-07-11,0
0.025600615760364424,24.739999771118164,2012-07-12,0
0.02061439909458761,25.25,2012-07-13,1
0.004752508484491027,25.1299991607666,2012-07-16,0
0.009948269333422995,25.3799991607666,2012-07-17,1
0.03270291375695162,26.209999084472656,2012-07-18,1
0.005722992131622498,26.059999465942386,2012-07-19,0
0.02072137449137077,25.520000457763672,2012-07-20,0
0.010188096560270058,25.26000022888184,2012-07-23,0
0.009897070377463988,25.01000022888184,2012-07-24,0
0.00479803801625663,25.1299991607666,2012-07-25,1
0.014723472009145559,25.5,2012-07-26,1
0.020392174814261643,26.020000457763672,2012-07-27,1
0.009992322225507697,25.76000022888184,2012-07-30,0
0.0023291717938386954,25.70000076293945,2012-07-31,0
0.008949398264921506,25.93000030517578,2012-08-01,1
0.000771325010732054,25.90999984741211,2012-08-02,0
0.012350432138508111,26.229999542236328,2012-08-03,1
0.0030499399581475394,26.309999465942386,2012-08-06,1
0.0072216091947688715,26.5,2012-08-07,1
0.0037735993007445325,26.60000038146973,2012-08-08,1
0.0037594127832938826,26.70000076293945,2012-08-09,1
0.0067415128345987224,26.8799991607666,2012-08-10,1
0.007068401511942952,26.690000534057614,2012-08-13,0
0.007868152402369382,26.479999542236328,2012-08-14,0
0.00793047915796607,26.270000457763672,2012-08-15,0
0.01218118345063249,26.59000015258789,2012-08-16,1
0.009778120623911873,26.32999992370605,2012-08-17,0
0.0037979636065129,26.229999542236328,2012-08-20,0
0.004574873579069009,26.11000061035156,2012-08-21,0
0.014553851368527956,25.729999542236328,2012-08-22,0
0.02681689230411129,25.040000915527344,2012-08-23,0
0.0051917357572707,24.90999984741211,2012-08-24,0
0.0028101041851869377,24.84000015258789,2012-08-27,0
0.006441217650131142,25.0,2012-08-28,1
0.013199996948242188,24.670000076293945,2012-08-29,0
0.0162140096186965,24.270000457763672,2012-08-30,0
0.02307373116522717,24.82999992370605,2012-08-31,1
0.016512277433422984,24.420000076293945,2012-09-04,0
0.0012285293428245254,24.38999938964844,2012-09-05,0
0.029110332496466825,25.10000038146973,2012-09-06,1
0.03625497344947974,24.190000534057614,2012-09-07,0
0.038445650460668945,23.26000022888184,2012-09-10,0
0.003439377597542565,23.34000015258789,2012-09-11,1
0.0064267188324609046,23.190000534057614,2012-09-12,0
0.007330749132337341,23.36000061035156,2012-09-13,1
0.0004280919786195584,23.3700008392334,2012-09-14,1
0.00256745276578177,23.309999465942386,2012-09-17,0
0.0025740615472204737,23.3700008392334,2012-09-18,1
0.00941383024401901,23.149999618530273,2012-09-19,0
0.0012959260103613112,23.18000030517578,2012-09-20,1
0.002157081266216166,23.1299991607666,2012-09-21,0
0.014267182692587433,22.79999923706055,2012-09-24,0
0.011403435536549891,22.540000915527344,2012-09-25,0
0.00488015521450817,22.649999618530273,2012-09-26,1
0.01942607247099672,23.09000015258789,2012-09-27,1
0.01862279351815368,22.65999984741211,2012-09-28,0
0.004413079529704881,22.76000022888184,2012-10-01,1
0.003514935101122422,22.84000015258789,2012-10-02,1
0.01269706276663407,22.54999923706055,2012-10-03,0
0.00354766857706067,22.46999931335449,2012-10-04,0
0.009345838817915928,22.68000030517578,2012-10-05,1
0.0074955940919959425,22.51000022888184,2012-10-08,0
0.02709909392043872,21.899999618530273,2012-10-09,0
0.006392666305344412,21.76000022888184,2012-10-10,0
0.0036764670434090855,21.68000030517578,2012-10-11,0
0.009225127312000354,21.479999542236328,2012-10-12,0
0.011638733953807708,21.729999542236328,2012-10-15,1
0.02853202265505393,22.350000381469727,2012-10-16,1
0.02505590408878362,21.790000915527344,2012-10-17,0
0.005507151637973866,21.670000076293945,2012-10-18,0
0.01845868099316972,21.270000457763672,2012-10-19,0
0.008932704401500555,21.459999084472656,2012-10-22,1
0.006057831950668461,21.59000015258789,2012-10-23,1
0.0060213555903866805,21.459999084472656,2012-10-24,0
0.010717682171355474,21.690000534057614,2012-10-25,1
0.01198710108252821,21.950000762939453,2012-10-26,1
0.014578660184520115,21.6299991607666,2012-10-31,0
0.029126264103512323,22.26000022888184,2012-11-01,1
0.008984760147484488,22.059999465942386,2012-11-02,0
0.009972770565753844,21.84000015258789,2012-11-05,0
0.005036657947940911,21.729999542236328,2012-11-06,0
0.037735835807561596,20.90999984741211,2012-11-07,0
0.003825916991384354,20.82999992370605,2012-11-08,0
0.0014402634064036315,20.799999237060547,2012-11-09,0
0.001442249057558832,20.770000457763672,2012-11-12,0
0.02359170728544716,20.280000686645508,2012-11-13,0
0.015779171170520443,19.959999084472656,2012-11-14,0
0.0035070944581008234,20.030000686645508,2012-11-15,1
0.007988010081236873,20.190000534057614,2012-11-16,1
0.0029717416718823726,20.25,2012-11-19,1
0.03654319857373632,19.51000022888184,2012-11-20,0
0.007688345298337157,19.36000061035156,2012-11-21,0
0.018594973742430708,19.71999931335449,2012-11-23,1
0.00862069382420452,19.88999938964844,2012-11-26,1
0.0020111069258332047,19.93000030517578,2012-11-27,1
0.008028090565084323,20.09000015258789,2012-11-28,1
0.02787453766496097,19.530000686645508,2012-11-29,0
0.0020480802238815083,19.56999969482422,2012-11-30,1
0.0015328962577760763,19.540000915527344,2012-12-03,0
0.022006058223131876,19.96999931335449,2012-12-04,1
0.006008960240900733,19.850000381469727,2012-12-05,0
0.015617101258686724,20.15999984741211,2012-12-06,1
0.0,20.15999984741211,2012-12-07,0
0.00396825021386732,20.07999992370605,2012-12-10,0
0.028386439093124296,20.649999618530273,2012-12-11,1
0.0009685451880456437,20.670000076293945,2012-12-12,1
0.008708287591262295,20.489999771118164,2012-12-13,0
0.0019522164945910516,20.530000686645508,2012-12-14,1
0.0019483198656067148,20.56999969482422,2012-12-17,1
0.018959620585048836,20.959999084472656,2012-12-18,1
0.006679451484365019,21.100000381469727,2012-12-19,1
0.0033175210217386217,21.030000686645508,2012-12-20,0
0.012363301017243502,20.770000457763672,2012-12-21,0
0.0062590787313457855,20.63999938964844,2012-12-24,0
0.00048450722759457975,20.649999618530273,2012-12-26,1
0.00677963158521347,20.51000022888184,2012-12-27,0
0.01365191045932896,20.229999542236328,2012-12-28,0
0.019278364103905342,20.6200008392334,2012-12-31,1
0.03685733708056716,21.3799991607666,2013-01-02,1
0.0028063362159753925,21.31999969482422,2013-01-03,0
0.007504683381911678,21.15999984741211,2013-01-04,0
0.00425331537036366,21.25,2013-01-07,1
0.007529404584099265,21.09000015258789,2013-01-08,0
0.017069730097056823,21.450000762939453,2013-01-09,1
0.01631694460010503,21.799999237060547,2013-01-10,1
0.009174347244904797,22.0,2013-01-11,1
0.0,22.0,2013-01-14,0
0.005454583601518111,21.8799991607666,2013-01-15,0
0.010511949652967853,22.11000061035156,2013-01-16,1
0.02578017544501366,22.68000030517578,2013-01-17,1
0.06305115899180311,21.25,2013-01-18,0
0.0037647022920496323,21.170000076293945,2013-01-22,0
0.002834174101377234,21.11000061035156,2013-01-23,0
0.007579338834014427,20.950000762939453,2013-01-24,0
0.00047724683384690625,20.959999084472656,2013-01-25,1
0.004293900597284067,21.049999237060547,2013-01-28,1
0.010926435055637498,21.280000686645508,2013-01-29,1
0.004229330342285712,21.3700008392334,2013-01-30,1
0.015442204527208278,21.040000915527344,2013-01-31,0
0.015209110308928651,21.36000061035156,2013-02-01,1
0.009363331330736222,21.15999984741211,2013-02-04,0
0.0009452012243808193,21.18000030517578,2013-02-05,1
0.00897075218696699,20.989999771118164,2013-02-06,0
0.008575526781255836,20.809999465942386,2013-02-07,0
0.009130251750778189,21.0,2013-02-08,1
0.0014286041259765625,21.030000686645508,2013-02-11,1
0.007608171288064155,21.190000534057614,2013-02-12,1
0.0028314990292686525,21.25,2013-02-13,1
0.0009411980124080882,21.229999542236328,2013-02-14,0
0.005181286169323329,21.1200008392334,2013-02-15,0
0.0014204870006338864,21.09000015258789,2013-02-19,0
0.017069730097056823,20.729999542236328,2013-02-20,0
0.02315482647543495,20.25,2013-02-21,0
0.008395065495997299,20.420000076293945,2013-02-22,1
0.009304629448958388,20.229999542236328,2013-02-25,0
0.017301057310406254,20.57999992370605,2013-02-26,1
0.01700682132008006,20.93000030517578,2013-02-27,1
0.0023889700754956464,20.8799991607666,2013-02-28,0
0.007183981413215679,21.030000686645508,2013-03-01,1
0.011412256932096486,21.270000457763672,2013-03-04,1
0.011283486880723894,21.51000022888184,2013-03-05,1
0.011157590356317559,21.75,2013-03-06,1
0.006436753547054761,21.88999938964844,2013-03-07,1
0.014161693676838819,21.57999992370605,2013-03-08,0
0.005097340627454066,21.690000534057614,2013-03-11,1
0.0023052624793927896,21.63999938964844,2013-03-12,0
0.0009242355974018927,21.65999984741211,2013-03-13,1
0.00046169108736308435,21.649999618530273,2013-03-14,0
0.012471153003281256,21.3799991607666,2013-03-15,0
0.0056126724319506185,21.26000022888184,2013-03-18,0
0.005644442048047421,21.13999938964844,2013-03-19,0
0.0018921909499641388,21.18000030517578,2013-03-20,1
0.006609980530275332,21.040000915527344,2013-03-21,0
0.013783222222423506,21.32999992370605,2013-03-22,1
0.008438832902935282,21.149999618530273,2013-03-25,0
0.029314461012575784,21.770000457763672,2013-03-26,1
0.002756061767604699,21.82999992370605,2013-03-27,1
0.00045809569018733025,21.84000015258789,2013-03-28,1
0.018772886655109625,21.43000030517578,2013-04-01,0
0.0013998496906054492,21.459999084472656,2013-04-02,1
0.01910530591349205,21.049999237060547,2013-04-03,0
0.004275541845599702,21.13999938964844,2013-04-04,1
0.009460684075930497,20.940000534057614,2013-04-05,0
0.007163305382266438,21.09000015258789,2013-04-08,1
0.0312944448855835,21.75,2013-04-09,1
0.02344828638537193,22.26000022888184,2013-04-10,1
0.019317174337575828,21.82999992370605,2013-04-11,0
0.006871260607169285,21.68000030517578,2013-04-12,0
0.013837690968000532,21.3799991607666,2013-04-15,0
0.025257293579237984,21.920000076293945,2013-04-16,1
0.000456214819663755,21.93000030517578,2013-04-17,1
0.014135862363358868,22.239999771118164,2013-04-18,1
0.00899284015277641,22.440000534057614,2013-04-19,1
0.019607781472250577,22.8799991607666,2013-04-22,1
0.02185314765471553,23.3799991607666,2013-04-23,1
0.011976077703003943,23.65999984741211,2013-04-24,1
0.011834348624314713,23.3799991607666,2013-04-25,0
0.0008554516031477943,23.399999618530273,2013-04-26,1
0.015384641718817997,23.76000022888184,2013-04-29,1
0.007996655396772764,23.95000076293945,2013-04-30,1
0.001670104672422787,23.989999771118164,2013-05-01,1
0.005002119232108759,24.11000061035156,2013-05-02,1
0.006221547991769854,23.959999084472656,2013-05-03,0
0.0020867795897767383,23.90999984741211,2013-05-06,0
0.010037631645745927,24.149999618530273,2013-05-07,1
0.0041408026107377805,24.25,2013-05-08,1
0.004536107643363255,24.36000061035156,2013-05-09,1
0.005747101237302498,24.5,2013-05-10,1
0.017142860256895872,24.07999992370605,2013-05-13,0
0.009966767935156337,23.84000015258789,2013-05-14,0
0.01510069664628253,24.20000076293945,2013-05-15,1
0.010743810772105738,23.940000534057614,2013-05-16,0
0.004177125281491418,24.040000915527344,2013-05-17,1
0.001663852190324676,24.07999992370605,2013-05-20,1
0.002906964079983641,24.149999618530273,2013-05-21,1
0.0033126262927420844,24.06999969482422,2013-05-22,0
0.000830928874833722,24.04999923706055,2013-05-23,0
0.005405370681520817,23.920000076293945,2013-05-24,0
0.006688956810275038,24.07999992370605,2013-05-28,1
0.007890387651977141,24.270000457763672,2013-05-29,1
0.002472244423539841,24.209999084472656,2013-05-30,0
0.002891433491121088,24.28000068664551,2013-05-31,1
0.03953867616654029,25.239999771118164,2013-06-03,1
0.0047543914548965425,25.36000061035156,2013-06-04,1
0.026025229949825302,24.70000076293945,2013-06-05,0
0.0020243377678027933,24.649999618530273,2013-06-06,0
0.0024340554511521817,24.59000015258789,2013-06-07,0
0.01708011686408011,25.01000022888184,2013-06-10,1
0.011995247567520548,24.709999084472656,2013-06-11,0
0.010117361767006125,24.459999084472656,2013-06-12,0
0.02166805831901912,24.989999771118164,2013-06-13,1
0.0028011082619184293,24.920000076293945,2013-06-14,0
0.007223126188792296,25.10000038146973,2013-06-17,1
0.014740993078148043,25.46999931335449,2013-06-18,1
0.01845305559580669,25.0,2013-06-19,0
0.032399978637695455,24.190000534057614,2013-06-20,0
0.0004134034171581106,24.20000076293945,2013-06-21,1
0.025619868582107026,23.57999992370605,2013-06-24,0
0.012722613996234474,23.8799991607666,2013-06-25,1
0.005443931016916526,24.01000022888184,2013-06-26,1
0.0016659311868975236,24.04999923706055,2013-06-27,1
0.007484420411057683,24.229999542236328,2013-06-28,1
0.014032198060722971,23.88999938964844,2013-07-01,0
0.007115951470790477,23.71999931335449,2013-07-02,0
0.0016863792869011645,23.76000022888184,2013-07-03,1
0.01262623039438687,24.059999465942386,2013-07-05,1
0.03615955740632002,23.190000534057614,2013-07-08,0
0.002156151067600849,23.13999938964844,2013-07-09,0
0.004753699794856829,23.25,2013-07-10,1
0.03182794714486727,23.989999771118164,2013-07-11,1
0.0037515695475846917,23.899999618530273,2013-07-12,0
0.001673678500660999,23.940000534057614,2013-07-15,1
0.012949016667788865,24.25,2013-07-16,1
0.004123727070916559,24.149999618530273,2013-07-17,0
0.03768115369715647,23.239999771118164,2013-07-18,0
0.00860580282102118,23.040000915527344,2013-07-19,0
0.011718769402552866,22.770000457763672,2013-07-22,0
0.0008783687905835113,22.75,2013-07-23,0
0.007912101326407968,22.93000030517578,2013-07-24,1
0.005669392020778193,23.059999465942386,2013-07-25,1
0.008673060172218862,23.26000022888184,2013-07-26,1
0.0008598648996933779,23.239999771118164,2013-07-29,0
0.006024070181894912,23.3799991607666,2013-07-30,1
0.0017108216259405296,23.34000015258789,2013-07-31,0
0.00599826001427503,23.20000076293945,2013-08-01,0
0.000862006455059497,23.21999931335449,2013-08-02,1
0.0129198641658876,22.920000076293945,2013-08-05,0
0.0052356386925806,22.79999923706055,2013-08-06,0
0.00438589813452963,22.70000076293945,2013-08-07,0
0.01101321548888017,22.450000762939453,2013-08-08,0
0.002672581911063171,22.51000022888184,2013-08-09,1
0.005775173675911559,22.63999938964844,2013-08-12,1
0.005300306321546794,22.520000457763672,2013-08-13,0
0.0022202147444144414,22.56999969482422,2013-08-14,1
0.023925521288444863,22.030000686645508,2013-08-15,0
0.005447155492198529,21.90999984741211,2013-08-16,0
0.016887304509821843,22.280000686645508,2013-08-19,1
0.010771982213717723,22.520000457763672,2013-08-20,1
0.015541757298191593,22.170000076293945,2013-08-21,0
0.004059546787468441,22.26000022888184,2013-08-22,1
0.008086266995731109,22.440000534057614,2013-08-23,1
0.007575760795367603,22.270000457763672,2013-08-26,0
0.0035922731055970415,22.190000534057614,2013-08-27,0
0.004506551557592246,22.290000915527344,2013-08-28,1
0.010318593097263493,22.059999465942386,2013-08-29,0
0.0036264698840798772,21.979999542236328,2013-08-30,0
0.004094638510567215,22.06999969482422,2013-09-03,1
0.025826900892884773,22.63999938964844,2013-09-04,1
0.0017667406915655422,22.60000038146973,2013-09-05,0
0.0030973315771095997,22.670000076293945,2013-09-06,1
0.010586668297770859,22.90999984741211,2013-09-09,1
0.003055421007875993,22.979999542236328,2013-09-10,1
0.00739774063012875,22.809999465942386,2013-09-11,0
0.007891289320043312,22.6299991607666,2013-09-12,0
0.03579325688598801,23.440000534057614,2013-09-13,1
0.002133154576362847,23.38999938964844,2013-09-16,0
0.014963676383190518,23.739999771118164,2013-09-17,1
0.006739673502725283,23.899999618530273,2013-09-18,1
0.00041841962516528695,23.90999984741211,2013-09-19,1
0.0058552651836838165,23.770000457763672,2013-09-20,0
0.0063104592192500825,23.6200008392334,2013-09-23,0
0.003386956852819806,23.70000076293945,2013-09-24,1
0.0,23.70000076293945,2013-09-25,0
0.012236325155770675,23.40999984741211,2013-09-26,0
0.01836823186580739,22.979999542236328,2013-09-27,0
0.002610942869346284,22.920000076293945,2013-09-30,0
0.003926708215022256,22.82999992370605,2013-10-01,0
0.0026280975095443653,22.88999938964844,2013-10-02,1
0.012669244906570743,22.60000038146973,2013-10-03,0
0.009291994731329271,22.809999465942386,2013-10-04,1
0.0008768285064419864,22.82999992370605,2013-10-07,1
0.015330721972814907,22.479999542236328,2013-10-08,0
0.004893265684676235,22.59000015258789,2013-10-09,1
0.022576371201281923,23.10000038146973,2013-10-10,1
0.006926400206489063,23.26000022888184,2013-10-11,1
0.008168552544624967,23.45000076293945,2013-10-14,1
0.002558693873726227,23.38999938964844,2013-10-15,0
0.013253586206941236,23.70000076293945,2013-10-16,1
0.009282671150733321,23.920000076293945,2013-10-17,1
0.0016722790718962785,23.8799991607666,2013-10-18,0
0.010887782161609292,24.13999938964844,2013-10-21,1
0.0028997388812793063,24.06999969482422,2013-10-22,0
0.013710009467802972,23.739999771118164,2013-10-23,0
0.0016849585473042842,23.78000068664551,2013-10-24,1
0.019343947484870394,24.239999771118164,2013-10-25,1
0.004950529718089159,24.36000061035156,2013-10-28,1
0.006568138070740542,24.520000457763672,2013-10-29,1
0.0008156793389185769,24.5,2013-10-30,0
0.00122451782226577,24.46999931335449,2013-10-31,0
0.0057212665948884155,24.32999992370605,2013-11-01,0
0.0028770939187717426,24.26000022888184,2013-11-04,0
0.009480607587237807,24.03000068664551,2013-11-05,0
0.009155193802252014,24.25,2013-11-06,1
0.00783507356938613,24.059999465942386,2013-11-07,0
0.0012469113595771724,24.09000015258789,2013-11-08,1
0.0033208768451361186,24.170000076293945,2013-11-11,1
0.010757146382338883,24.43000030517578,2013-11-12,1
0.006958660424491782,24.60000038146973,2013-11-13,1
0.008536625551415643,24.38999938964844,2013-11-14,0
0.0053300972270792935,24.520000457763672,2013-11-15,1
0.0032626395682112713,24.60000038146973,2013-11-18,1
0.004065056094269252,24.70000076293945,2013-11-19,1
0.0056680685292579,24.559999465942386,2013-11-20,0
0.027280133992797436,25.229999542236328,2013-11-21,1
0.05390403201261345,23.8700008392334,2013-11-22,0
0.005027265815431465,23.75,2013-11-25,0
0.004210542377672697,23.649999618530273,2013-11-26,0
0.010570824694818164,23.899999618530273,2013-11-27,1
0.0025104379456083216,23.84000015258789,2013-11-29,0
0.00587245758189493,23.70000076293945,2013-12-02,0
0.006329178103380569,23.54999923706055,2013-12-03,0
0.00806796349099708,23.739999771118164,2013-12-04,1
0.021903979055480135,24.26000022888184,2013-12-05,1
0.02308324240144453,24.81999969482422,2013-12-06,1
0.004431934395813116,24.93000030517578,2013-12-09,1
0.004412379021460541,24.81999969482422,2013-12-10,0
0.01611602028398439,24.420000076293945,2013-12-11,0
0.0020474707987032637,24.46999931335449,2013-12-12,1
0.007355880787822943,24.290000915527344,2013-12-13,0
0.006587066339294626,24.45000076293945,2013-12-16,1
0.008588919342324516,24.65999984741211,2013-12-17,1
0.01987022604015085,25.149999618530273,2013-12-18,1
0.00039762342081565337,25.13999938964844,2013-12-19,0
0.0031821768356523976,25.059999465942386,2013-12-20,0
0.010375109115033455,25.31999969482422,2013-12-23,1
0.004344415943024212,25.43000030517578,2013-12-24,1
0.010617398919524,25.70000076293945,2013-12-26,1
0.0038910653113257677,25.60000038146973,2013-12-27,0
0.009765624854480848,25.85000038146973,2013-12-30,1
0.004255268912172915,25.959999084472656,2013-12-31,1
0.006548465906803239,25.790000915527344,2014-01-02,0
0.0003877560498965149,25.78000068664551,2014-01-03,0
0.01241278485840466,25.459999084472656,2014-01-06,0
0.005106090840141404,25.59000015258789,2014-01-07,1
0.0062524363602213095,25.43000030517578,2014-01-08,0
0.004718868965525378,25.309999465942386,2014-01-09,0
0.008692264928695981,25.53000068664551,2014-01-10,1
0.0011751149956374433,25.5,2014-01-13,0
0.03960785211301331,26.51000022888184,2014-01-14,1
0.00603545250964543,26.670000076293945,2014-01-15,1
0.004874359219899417,26.540000915527344,2014-01-16,0
0.025998512066890165,25.85000038146973,2014-01-17,0
0.010058035785106511,25.59000015258789,2014-01-21,0
0.010941800897847517,25.309999465942386,2014-01-22,0
0.0071118257200280316,25.1299991607666,2014-01-23,0
0.01273377260289783,24.809999465942386,2014-01-24,0
0.0036275757567606685,24.71999931335449,2014-01-27,0
0.0072815659456164795,24.899999618530273,2014-01-28,1
0.008835313924694657,24.68000030517578,2014-01-29,0
0.0024310966450758103,24.739999771118164,2014-01-30,1
0.008084028190828922,24.540000915527344,2014-01-31,0
0.024042385109064108,23.95000076293945,2014-02-03,0
0.005428019372608798,23.81999969482422,2014-02-04,0
0.012594426570279633,23.520000457763672,2014-02-05,0
0.019982963614243936,23.989999771118164,2014-02-06,1
0.00917045916854705,24.209999084472656,2014-02-07,1
0.003304495418423933,24.290000915527344,2014-02-10,1
0.007410390738687918,24.46999931335449,2014-02-11,1
0.00326930633228101,24.54999923706055,2014-02-12,1
0.006110041977209418,24.70000076293945,2014-02-13,1
0.0024291281007737756,24.76000022888184,2014-02-14,1
0.0,24.76000022888184,2014-02-18,0
0.010500816901389064,24.5,2014-02-19,0
0.009795909025231185,24.739999771118164,2014-02-20,1
0.012934506781919661,24.420000076293945,2014-02-21,0
0.008599471081759569,24.6299991607666,2014-02-24,1
0.0004059407987771905,24.6200008392334,2014-02-25,0
0.007311063837996062,24.79999923706055,2014-02-26,1
0.0016128632826301597,24.76000022888184,2014-02-27,0
0.0,24.76000022888184,2014-02-28,0
0.010500816901389064,24.5,2014-03-03,0
0.004489820830675876,24.61000061035156,2014-03-04,1
0.004469752443049109,24.5,2014-03-05,0
0.005306088194555166,24.6299991607666,2014-03-06,1
0.0004060182388381468,24.63999938964844,2014-03-07,1
0.00811691428139695,24.84000015258789,2014-03-10,1
0.0044283659289793675,24.729999542236328,2014-03-11,0
0.0012131292843039984,24.76000022888184,2014-03-12,1
0.007673688703604716,24.56999969482422,2014-03-13,0
0.0028489904637224923,24.5,2014-03-14,0
0.008163296446508145,24.70000076293945,2014-03-17,1
0.00485825620154712,24.81999969482422,2014-03-18,1
0.008058048565615407,25.020000457763672,2014-03-19,1
0.01638688408916024,25.43000030517578,2014-03-20,1
0.010224153588740539,25.170000076293945,2014-03-21,0
0.0019864615379019423,25.1200008392334,2014-03-24,0
0.013534961539819508,25.459999084472656,2014-03-25,1
0.003142180934124401,25.3799991607666,2014-03-26,0
0.0027580652930999094,25.309999465942386,2014-03-27,0
0.012248177788709786,25.6200008392334,2014-03-28,1
0.007416027341343095,25.809999465942386,2014-03-31,1
0.006974053037594879,25.989999771118164,2014-04-01,1
0.003847648416713345,25.88999938964844,2014-04-02,0
0.020084993048380656,26.40999984741211,2014-04-03,1
0.009466111376161074,26.15999984741211,2014-04-04,0
0.012614676056227122,26.489999771118164,2014-04-07,1
0.01585504265469523,26.90999984741211,2014-04-08,1
0.0026012521449698374,26.979999542236328,2014-04-09,1
0.02038544278696301,26.43000030517578,2014-04-10,0
0.009458948055745674,26.18000030517578,2014-04-11,0
0.014514864642361344,26.559999465942386,2014-04-14,1
0.007906664007676943,26.770000457763672,2014-04-15,1
0.005976833943822635,26.93000030517578,2014-04-16,1
0.0040846865616418525,27.040000915527344,2014-04-17,1
0.0033284078972132297,26.95000076293945,2014-04-21,0
0.0040816551850650536,26.84000015258789,2014-04-22,0
0.00335320983890579,26.75,2014-04-23,0
0.0,26.75,2014-04-24,0
0.018317748453015346,26.26000022888184,2014-04-25,0
0.002665639535951834,26.32999992370605,2014-04-28,1
0.005696909189704394,26.479999542236328,2014-04-29,1
0.007930551187749386,26.690000534057614,2014-04-30,1
0.00899212312910649,26.45000076293945,2014-05-01,0
0.0015123219044812914,26.40999984741211,2014-05-02,0
0.009087458254630826,26.170000076293945,2014-05-05,0
0.0011463770178847014,26.20000076293945,2014-05-06,1
0.006488552341357875,26.3700008392334,2014-05-07,1
0.0011376824304409072,26.34000015258789,2014-05-08,0
0.0015186376346095097,26.29999923706055,2014-05-09,0
0.002661657954506915,26.3700008392334,2014-05-12,1
0.0030337474842635163,26.45000076293945,2014-05-13,1
0.004536893601966856,26.32999992370605,2014-05-14,0
0.012153425588736971,26.01000022888184,2014-05-15,0
0.007304903205907768,25.81999969482422,2014-05-16,0
0.008520574101603326,26.040000915527344,2014-05-19,1
0.0,26.040000915527344,2014-05-20,0
0.0061443871653898375,26.20000076293945,2014-05-21,1
0.0019084405707309746,26.149999618530273,2014-05-22,0
0.0053537781659416675,26.290000915527344,2014-05-23,1
0.0159755859383502,26.709999084472656,2014-05-27,1
0.0063646605062136295,26.8799991607666,2014-05-28,1
0.002976187730795046,26.959999084472656,2014-05-29,1
0.013353138819611506,27.31999969482422,2014-05-30,1
0.002196173741310333,27.26000022888184,2014-06-02,0
0.014673500189720183,27.65999984741211,2014-06-03,1
0.0021691781009895,27.60000038146973,2014-06-04,0
0.002173893663518284,27.65999984741211,2014-06-05,1
0.018438186250733183,28.170000076293945,2014-06-06,1
0.009229685061330027,27.90999984741211,2014-06-09,0
0.011823716428169496,28.239999771118164,2014-06-10,1
0.010977318288062733,27.93000030517578,2014-06-11,0
0.0010740701385282781,27.959999084472656,2014-06-12,1
0.06831193910236733,29.8700008392334,2014-06-13,1
0.004686956334616363,30.01000022888184,2014-06-16,1
0.00199931574424468,29.95000076293945,2014-06-17,0
0.0006677948999726628,29.93000030517578,2014-06-18,0
0.005345801730060146,30.09000015258789,2014-06-19,1
0.0036557198336238076,30.20000076293945,2014-06-20,1
0.000993337037715978,30.229999542236328,2014-06-23,1
0.008931540253132865,30.5,2014-06-24,1
0.012458988877593493,30.8799991607666,2014-06-25,1
0.003238292643742666,30.78000068664551,2014-06-26,0
0.0048732818448360225,30.93000030517578,2014-06-27,1
0.0009699542951665455,30.899999618530273,2014-06-30,0
0.0025889943266562345,30.979999542236328,2014-07-01,1
0.0,30.979999542236328,2014-07-02,0
0.005164617487936966,31.13999938964844,2014-07-03,1
0.003532392586992004,31.03000068664551,2014-07-07,0
0.0077344429844456025,30.790000915527344,2014-07-08,0
0.003247758075598765,30.88999938964844,2014-07-09,1
0.011978013808488114,31.26000022888184,2014-07-10,1
0.00031990495229107665,31.25,2014-07-11,0
0.00767999267578125,31.489999771118164,2014-07-14,1
0.006986323116974742,31.709999084472656,2014-07-15,1
0.09271531145662734,34.650001525878906,2014-07-16,1
0.027417048228120192,33.700000762939446,2014-07-17,0
0.0,33.700000762939446,2014-07-18,0
0.010682510451081928,34.060001373291016,2014-07-21,1
0.02143275140349158,34.790000915527344,2014-07-22,1
0.008335754754117054,34.5,2014-07-23,0
0.007246376811594203,34.25,2014-07-24,0
0.0,34.25,2014-07-25,0
0.0005839549712020986,34.22999954223633,2014-07-28,0
0.001168592347714954,34.189998626708984,2014-07-29,0
0.004679726640500989,34.34999847412109,2014-07-30,1
0.013391531438325981,33.889999389648445,2014-07-31,0
0.004426016933699231,33.740001678466804,2014-08-01,0
0.009187834711685668,34.049999237060554,2014-08-04,1
0.03612333538314986,32.81999969482422,2014-08-05,0
0.0009140395970691847,32.84999847412109,2014-08-06,1
0.0051749825522588175,32.68000030517578,2014-08-07,0
0.0024480364231215784,32.59999847412109,2014-08-08,0
0.01288349703378042,33.02000045776367,2014-08-11,1
0.0033313327930526763,33.130001068115234,2014-08-12,1
0.029278520215303916,34.09999847412109,2014-08-13,1
0.004692077846675804,33.939998626708984,2014-08-14,0
0.006776651489176064,34.169998168945305,2014-08-15,1
0.007023754501834434,34.40999984741211,2014-08-18,1
0.002034283497082993,34.34000015258789,2014-08-19,0
0.004659284994209636,34.5,2014-08-20,1
0.01884062393851902,35.150001525878906,2014-08-21,1
0.005974477668665503,34.939998626708984,2014-08-22,0
0.0037205855331257994,34.810001373291016,2014-08-25,0
0.0002873351288671903,34.799999237060554,2014-08-26,0
0.0002873080963335894,34.790000915527344,2014-08-27,0
0.00402412721943774,34.650001525878906,2014-08-28,0
0.007792110567866724,34.919998168945305,2014-08-29,1
0.010022866336583709,34.56999969482422,2014-09-02,0
0.0,34.56999969482422,2014-09-03,0
0.009835121654305223,34.90999984741211,2014-09-04,1
0.002578062245238376,35.0,2014-09-05,1
0.009428623744419643,35.33000183105469,2014-09-08,1
0.01188796948415103,34.90999984741211,2014-09-09,0
0.0031509771077732297,35.02000045776367,2014-09-10,1
0.0,35.02000045776367,2014-09-11,0
0.011422087968311885,34.61999893188477,2014-09-12,0
0.0023107457777461504,34.540000915527344,2014-09-15,0
0.011291238544035897,34.93000030517578,2014-09-16,1
0.0014314124427058249,34.97999954223633,2014-09-17,1
0.005431636054756516,35.169998168945305,2014-09-18,1
0.009951620481747173,34.81999969482422,2014-09-19,0
0.0031591215196912657,34.709999084472656,2014-09-22,0
0.008354967536057393,34.419998168945305,2014-09-23,0
0.009587502864902288,34.75,2014-09-24,1
0.017553974398605912,34.139999389648445,2014-09-25,0
0.003514907265087303,34.259998321533196,2014-09-26,1
0.01868077161998731,34.900001525878906,2014-09-29,1
0.0022923159758421463,34.81999969482422,2014-09-30,0
0.023836818599420866,33.990001678466804,2014-10-01,0
0.01382763158263935,33.52000045776367,2014-10-02,0
0.015214746854667206,34.029998779296875,2014-10-03,1
0.002350920773566169,34.110000610351555,2014-10-06,1
0.018762807921328683,33.470001220703125,2014-10-07,0
0.023901978126182475,34.27000045776367,2014-10-08,1
0.01896707082569195,33.61999893188477,2014-10-09,0
0.05086255618083683,31.90999984741211,2014-10-10,0
0.013788797748719031,31.46999931335449,2014-10-13,0
0.021290120461160522,32.139999389648445,2014-10-14,1
0.026757894192117472,31.28000068664551,2014-10-15,0
0.013746812523548407,30.85000038146973,2014-10-16,0
0.01717986297385004,31.3799991607666,2014-10-17,1
0.006373510780379627,31.57999992370605,2014-10-20,1
0.032615601302529364,32.610000610351555,2014-10-21,1
0.010426254100711534,32.27000045776367,2014-10-22,0
0.013015127455452741,32.689998626708984,2014-10-23,1
0.014989345336541149,33.18000030517578,2014-10-24,1
0.0006027865455005701,33.200000762939446,2014-10-27,1
0.016265087443315698,33.740001678466804,2014-10-28,1
0.005334809766573809,33.919998168945305,2014-10-29,1
0.03950461115052224,32.580001831054695,2014-10-30,0
0.043891848069678545,34.009998321533196,2014-10-31,1
0.008821025185640034,34.310001373291016,2014-11-03,1
0.006703571350346074,34.540000915527344,2014-11-04,1
0.022582587530954584,33.759998321533196,2014-11-05,0
0.0017772919512484677,33.81999969482422,2014-11-06,1
0.007096329566385336,33.580001831054695,2014-11-07,0
0.00952958582704901,33.259998321533196,2014-11-10,0
0.0015033991064709892,33.310001373291016,2014-11-11,1
0.002101461781395982,33.380001068115234,2014-11-12,1
0.008987394471569021,33.68000030517578,2014-11-13,1
0.00801664059730345,33.950000762939446,2014-11-14,1
0.00854200026539997,34.240001678466804,2014-11-17,1
0.013726559081959069,34.709999084472656,2014-11-18,1
0.010371668678971935,34.34999847412109,2014-11-19,0
0.04657939912351934,35.95000076293945,2014-11-20,1
0.010013924971113882,35.59000015258789,2014-11-21,0
0.01854453061484795,36.25,2014-11-24,1
0.0019310260641163793,36.31999969482422,2014-11-25,1
0.015969213544276013,36.900001525878906,2014-11-26,1
0.00948505310699326,37.25,2014-11-28,1
0.0021477001625419463,37.16999816894531,2014-12-01,0
0.01156847797574111,37.599998474121094,2014-12-02,1
0.004521228080961677,37.43000030517578,2014-12-03,0
0.0008014635066066724,37.459999084472656,2014-12-04,1
0.005605955408570788,37.66999816894531,2014-12-05,1
0.012476703712540116,37.20000076293945,2014-12-08,0
0.008333370078848355,36.88999938964844,2014-12-09,0
0.01274061340415772,36.41999816894531,2014-12-10,0
0.007688155081591791,36.70000076293945,2014-12-11,1
0.01280657250497236,36.22999954223633,2014-12-12,0
0.008556482948050309,35.91999816894531,2014-12-15,0
0.010022183017969434,35.560001373291016,2014-12-16,0
0.019122617517290844,36.2400016784668,2014-12-17,1
0.021523144127234883,37.02000045776367,2014-12-18,1
0.01755811771586793,36.36999893188477,2014-12-19,0
0.023095963081029236,37.209999084472656,2014-12-22,1
0.005912422093956171,37.43000030517578,2014-12-23,1
0.00026712053036808184,37.43999862670898,2014-12-24,1
0.002938050597926499,37.54999923706055,2014-12-26,1
0.009853500383552325,37.18000030517578,2014-12-29,0
0.011296449171467871,36.7599983215332,2014-12-30,0
0.012785566579597616,36.290000915527344,2014-12-31,0
0.001928897576694965,36.36000061035156,2015-01-02,1
0.011276123226889713,35.95000076293945,2015-01-05,0
0.01863705060983691,35.279998779296875,2015-01-06,0
0.02097510499067951,36.02000045776367,2015-01-07,1
0.018600726275140717,36.68999862670898,2015-01-08,1
0.001907868559397237,36.7599983215332,2015-01-09,1
0.0043525531751285465,36.599998474121094,2015-01-12,0
0.002732198860385201,36.5,2015-01-13,0
0.004109630845997431,36.349998474121094,2015-01-14,0
0.004401646606010899,36.18999862670898,2015-01-15,0
0.007184364357466121,36.45000076293945,2015-01-16,1
0.009876559748047886,36.09000015258789,2015-01-20,0
0.010806300581865528,36.47999954223633,2015-01-21,1
0.011787289215229552,36.90999984741211,2015-01-22,1
0.012462722470179268,36.45000076293945,2015-01-23,0
0.01755828192736712,35.810001373291016,2015-01-26,0
0.04523883508673403,34.189998626708984,2015-01-27,0
0.011991806489627069,33.779998779296875,2015-01-28,0
0.012729435189894688,34.209999084472656,2015-01-29,1
0.03420047355325288,33.040000915527344,2015-01-30,0
0.018462487695177065,33.650001525878906,2015-02-02,1
0.0014858613608705873,33.700000762939446,2015-02-03,1
0.0029674269007238085,33.59999847412109,2015-02-04,0
0.010119052619891272,33.939998626708984,2015-02-05,1
0.018856788908199446,33.299999237060554,2015-02-06,0
0.011111079290145749,32.93000030517578,2015-02-09,0
0.023382947179707125,33.700000762939446,2015-02-10,1
0.004451083753204293,33.549999237060554,2015-02-11,0
0.0172876853724035,34.130001068115234,2015-02-12,1
0.006738925726292757,34.360000610351555,2015-02-13,1
0.011059402251604343,34.740001678466804,2015-02-17,1
0.013529107599164482,34.27000045776367,2015-02-18,0
0.0017508425004243808,34.209999084472656,2015-02-19,0
0.00584626624647383,34.40999984741211,2015-02-20,1
0.018889902027354945,33.759998321533196,2015-02-23,0
0.019253600657447953,34.40999984741211,2015-02-24,1
0.01336818036944161,33.950000762939446,2015-02-25,0
0.008836501629420445,33.650001525878906,2015-02-26,0
0.011887117614876798,33.25,2015-02-27,0
0.02436094355762453,34.060001373291016,2015-03-02,1
0.0011743129541220666,34.09999847412109,2015-03-03,1
0.0005865237143299195,34.11999893188477,2015-03-04,1
0.011430228659356561,33.72999954223633,2015-03-05,0
0.016009514463561157,33.189998626708984,2015-03-06,0
0.014160814264922519,32.720001220703125,2015-03-09,0
0.031173606959350734,31.70000076293945,2015-03-10,0
0.019873850250873838,32.330001831054695,2015-03-11,1
0.04732454399444218,30.79999923706055,2015-03-12,0
0.004220814004397933,30.93000030517578,2015-03-13,1
0.003233119317266744,30.82999992370605,2015-03-16,0
0.007784617960171254,30.59000015258789,2015-03-17,0
0.009807101522200245,30.88999938964844,2015-03-18,1
0.004855928180449994,30.739999771118164,2015-03-19,0
0.018542605695129732,31.309999465942386,2015-03-20,1
0.0035132131868155555,31.20000076293945,2015-03-23,0
0.01314102042904817,30.790000915527344,2015-03-24,0
0.02923031825650364,29.88999938964844,2015-03-25,0
0.0063566590142993245,30.07999992370605,2015-03-26,1
0.06382978993230637,32.0,2015-03-27,1
0.016875028610229492,31.459999084472656,2015-03-30,0
0.0060393716541066195,31.270000457763672,2015-03-31,0
0.01471061672808761,30.809999465942386,2015-04-01,0
0.0,30.809999465942386,2015-04-02,0
0.007465155909502782,31.040000915527344,2015-04-06,1
0.007087606535618497,31.26000022888184,2015-04-07,1
0.0015994637458240138,31.309999465942386,2015-04-08,1
0.002235697732935602,31.239999771118164,2015-04-09,0
0.022087085118852427,31.93000030517578,2015-04-10,1
0.0062637256820518555,31.729999542236328,2015-04-13,0
0.0075638126246644405,31.489999771118164,2015-04-14,0
0.04255325721423303,32.830001831054695,2015-04-15,1
0.001218309430377305,32.86999893188477,2015-04-16,1
0.01216908196469819,32.470001220703125,2015-04-17,0
0.008007339444367689,32.72999954223633,2015-04-20,1
0.009165879659528066,32.43000030517578,2015-04-21,0
0.008325638458923267,32.700000762939446,2015-04-22,1
0.010703433659091365,32.34999847412109,2015-04-23,0
0.008346109916585631,32.080001831054695,2015-04-24,0
0.013092211501644328,32.5,2015-04-27,1
0.016000014085036058,33.02000045776367,2015-04-28,1
0.003937040166959216,32.889999389648445,2015-04-29,0
0.010337493429534685,32.549999237060554,2015-04-30,0
0.026728078410957198,33.419998168945305,2015-05-01,1
0.00029928595985891137,33.43000030517578,2015-05-04,1
0.023631495911324452,32.639999389648445,2015-05-05,0
0.01286759120095202,32.220001220703125,2015-05-06,0
0.0006207466482287898,32.240001678466804,2015-05-07,1
0.017369650416853857,32.799999237060554,2015-05-08,1
0.0033536772228726294,32.689998626708984,2015-05-11,0
0.01345973218700256,32.25,2015-05-12,0
0.012093004330184329,32.639999389648445,2015-05-13,1
0.0101103504051945,32.970001220703125,2015-05-14,1
0.000606625933368784,32.990001678466804,2015-05-15,1
0.012731074494592891,33.40999984741211,2015-05-18,1
0.0077820509644013726,33.150001525878906,2015-05-19,0
0.006636422198476315,33.36999893188477,2015-05-20,1
0.005394075844689116,33.549999237060554,2015-05-21,1
0.002980580518483172,33.450000762939446,2015-05-22,0
0.01046344636279173,33.09999847412109,2015-05-26,0
0.018429022310333117,33.709999084472656,2015-05-27,1
0.008899413978291207,34.009998321533196,2015-05-28,1
0.01323142561446542,34.459999084472656,2015-05-29,1
0.015960512236588283,33.90999984741211,2015-06-01,0
0.018873470732182266,33.27000045776367,2015-06-02,0
0.0162308658881107,32.72999954223633,2015-06-03,0
0.01283220821324263,32.310001373291016,2015-06-04,0
0.014546617168876086,31.84000015258789,2015-06-05,0
0.016959827667697106,31.29999923706055,2015-06-08,0
0.0015974197533317883,31.25,2015-06-09,0
0.018239990234375,31.81999969482422,2015-06-10,1
0.0009428248564814166,31.85000038146973,2015-06-11,1
0.016640523714212097,31.31999969482422,2015-06-12,0
0.0022349838922824158,31.38999938964844,2015-06-15,1
0.007964320001944414,31.63999938964844,2015-06-16,1
0.009797767992133107,31.95000076293945,2015-06-17,1
0.013458538181775746,32.380001068115234,2015-06-18,1
0.009573853090334691,32.06999969482422,2015-06-19,0
0.00592449730330497,32.259998321533196,2015-06-22,1
0.0052696273338561665,32.09000015258789,2015-06-23,0
0.005609233540663139,31.90999984741211,2015-06-24,0
0.0025070487022438095,31.989999771118164,2015-06-25,1
0.030321954369948008,31.020000457763672,2015-06-26,0
0.020309511889692912,30.38999938964844,2015-06-29,0
0.0009871894454766988,30.420000076293945,2015-06-30,1
0.007889538807239974,30.18000030517578,2015-07-01,0
0.012591092012064571,30.559999465942386,2015-07-02,1
0.017015659669580668,30.040000915527344,2015-07-06,0
0.004660495763324201,29.899999618530273,2015-07-07,0
0.013377913833897744,29.5,2015-07-08,0
0.01932202355336335,28.93000030517578,2015-07-09,0
0.00829587862379754,29.170000076293945,2015-07-10,1
0.0191977876063664,29.729999542236328,2015-07-13,1
0.002690882103526497,29.649999618530273,2015-07-14,0
0.0013491034078240238,29.690000534057614,2015-07-15,1
0.007073057618566505,29.899999618530273,2015-07-16,1
0.014381281293037064,29.46999931335449,2015-07-17,0
0.012555104869550896,29.10000038146973,2015-07-20,0
0.013058455777795047,28.71999931335449,2015-07-21,0
0.003830038496964082,28.61000061035156,2015-07-22,0
0.000349536129622122,28.60000038146973,2015-07-23,0
0.018881150640725746,28.059999465942386,2015-07-24,0
0.010335029260400742,28.35000038146973,2015-07-27,1
0.021516708811109453,28.959999084472656,2015-07-28,1
0.001726558908490854,29.01000022888184,2015-07-29,1
0.0034471003337039454,28.90999984741211,2015-07-30,0
0.0013836359646650395,28.95000076293945,2015-07-31,1
0.0034541786350871058,29.04999923706055,2015-08-03,1
0.002753870079417806,29.1299991607666,2015-08-04,1
0.00034323109582060156,29.1200008392334,2015-08-05,0
0.003777493378480781,29.01000022888184,2015-08-06,0
0.004481250158206176,28.8799991607666,2015-08-07,0
0.02631579816367508,29.63999938964844,2015-08-10,1
0.02260459143355938,28.96999931335449,2015-08-11,0
0.016914041516469393,29.459999084472656,2015-08-12,1
0.020027096523238707,28.8700008392334,2015-08-13,0
0.005195691519566179,29.020000457763672,2015-08-14,1
0.002067521192141391,29.07999992370605,2015-08-17,1
0.0058459448672610725,28.90999984741211,2015-08-18,0
0.019024532686387537,28.36000061035156,2015-08-19,0
0.0292665693174595,27.53000068664551,2015-08-20,0
0.03523433332762906,26.559999465942386,2015-08-21,0
0.011671666874086179,26.25,2015-08-24,0
0.014476158505394346,25.8700008392334,2015-08-25,0
0.05527631818467026,27.29999923706055,2015-08-26,1
0.01538461860921138,27.71999931335449,2015-08-27,1
0.025252553401118656,28.420000076293945,2015-08-28,1
0.0042224081249561665,28.540000915527344,2015-08-31,1
0.025227792487960445,27.81999969482422,2015-09-01,0
0.02803740816685296,28.60000038146973,2015-09-02,1
0.016783200553637693,29.07999992370605,2015-09-03,1
0.01925720314345211,28.520000457763672,2015-09-04,0
0.034361834730249945,29.5,2015-09-08,1
0.0088135670807402,29.239999771118164,2015-09-09,0
0.0010260152831855019,29.270000457763672,2015-09-10,1
0.006832895540244804,29.46999931335449,2015-09-11,1
0.002714622516797793,29.38999938964844,2015-09-14,0
0.011568566167022098,29.729999542236328,2015-09-15,1
0.001345473129608223,29.770000457763672,2015-09-16,1
0.0020154978961502822,29.709999084472656,2015-09-17,0
0.02322445802664459,29.020000457763672,2015-09-18,0
0.004824238023434755,29.15999984741211,2015-09-21,1
0.0168038331166744,28.670000076293945,2015-09-22,0
0.0024415659099386836,28.739999771118164,2015-09-23,1
0.00904663294893688,28.479999542236328,2015-09-24,0
0.011587076159066038,28.809999465942386,2015-09-25,1
0.0017354820544045221,28.76000022888184,2015-09-28,0
0.016689830960233843,29.239999771118164,2015-09-29,1
0.030779740956744208,30.13999938964844,2015-09-30,1
0.004644969889963692,30.0,2015-10-01,0
0.01700000762939465,30.51000022888184,2015-10-02,1
0.022943259598148847,31.209999084472656,2015-10-05,1
0.016981759121844686,31.739999771118164,2015-10-06,1
0.018273469687729048,32.31999969482422,2015-10-07,1
0.006188142476111521,32.52000045776367,2015-10-08,1
0.011685149531555668,32.139999389648445,2015-10-09,0
0.002177961921391851,32.209999084472656,2015-10-12,1
0.005277807320002776,32.040000915527344,2015-10-13,0
0.023720296498646386,32.799999237060554,2015-10-14,1
0.0015243670190107838,32.75,2015-10-15,0
0.008854989787094465,33.040000915527344,2015-10-16,1
0.016646465551460425,33.59000015258789,2015-10-19,1
0.004465660172596028,33.439998626708984,2015-10-20,0
0.0020932923953023708,33.36999893188477,2015-10-21,0
0.03086612607020416,34.400001525878906,2015-10-22,1
0.014534883076207225,34.900001525878906,2015-10-23,1
0.008882560450925616,34.59000015258789,2015-10-26,0
0.0034691798599424915,34.470001220703125,2015-10-27,0
0.006962513932995902,34.709999084472656,2015-10-28,1
0.01959090530428668,34.029998779296875,2015-10-29,0
0.0049955384967202195,33.860000610351555,2015-10-30,0
0.007383343044700682,34.110000610351555,2015-11-02,1
0.0058634054342046795,34.310001373291016,2015-11-03,1
0.004663358816903544,34.150001525878906,2015-11-04,0
0.0043924310154198655,34.0,2015-11-05,0
0.00470587786506204,33.84000015258789,2015-11-06,0
0.014479954972143563,33.34999847412109,2015-11-09,0
0.004197882940146671,33.209999084472656,2015-11-10,0
0.01053894862299899,32.860000610351555,2015-11-11,0
0.013998754593076309,32.400001525878906,2015-11-12,0
0.008950645119436737,32.110000610351555,2015-11-13,0
0.000311495983816465,32.09999847412109,2015-11-16,0
0.016822459227301988,32.639999389648445,2015-11-17,1
0.015931386871550598,33.15999984741211,2015-11-18,1
0.03437875135386688,34.299999237060554,2015-11-19,1
0.010495644850119442,34.65999984741211,2015-11-20,1
0.005193315232781831,34.47999954223633,2015-11-23,0
0.003480247490658457,34.360000610351555,2015-11-24,0
0.0026193291906047435,34.450000762939446,2015-11-25,1
0.00029022703372379036,34.459999084472656,2015-11-27,1
0.008995977409375477,34.77000045776367,2015-11-30,1
0.009203327311224327,35.09000015258789,2015-12-01,1
0.0074094705158905825,34.830001831054695,2015-12-02,0
0.022681621418204463,34.040000915527344,2015-12-03,0
0.026439415011035052,34.939998626708984,2015-12-04,1
0.0014311120126832533,34.990001678466804,2015-12-07,1
0.006859150241610403,34.75,2015-12-08,0
0.0017266582242018884,34.810001373291016,2015-12-09,1
0.0011491213429837902,34.77000045776367,2015-12-10,0
0.014380212637827468,34.27000045776367,2015-12-11,0
0.005836030355060707,34.470001220703125,2015-12-14,1
0.02059759383026136,35.18000030517578,2015-12-15,1
0.0034109986027234637,35.29999923706055,2015-12-16,1
0.011048141588597751,34.90999984741211,2015-12-17,0
0.0297909172177906,33.86999893188477,2015-12-18,0
0.01092420307795509,34.240001678466804,2015-12-21,1
0.01431068457212369,34.72999954223633,2015-12-22,1
0.007774271849192373,35.0,2015-12-23,1
0.000571441650390625,34.97999954223633,2015-12-24,0
0.0014293664298130047,34.93000030517578,2015-12-28,0
0.014600581651229867,35.439998626708984,2015-12-29,1
0.01269743131149686,34.990001678466804,2015-12-30,0
0.01543300627675248,34.450000762939446,2015-12-31,0
0.013352658179546369,33.990001678466804,2016-01-04,0
0.004707262121539458,33.830001831054695,2016-01-05,0
0.022169670688918723,33.080001831054695,2016-01-06,0
0.037484933791712215,31.84000015258789,2016-01-07,0
0.010364319162204195,31.51000022888184,2016-01-08,0
0.017454812453636514,32.060001373291016,2016-01-11,1
0.019338705718249995,32.68000030517578,2016-01-12,1
0.023561825292936763,31.90999984741211,2016-01-13,0
0.02601071247331916,32.740001678466804,2016-01-14,1
0.09102019843648695,29.76000022888184,2016-01-15,0
0.0013440526838401105,29.79999923706055,2016-01-19,1
0.007046949323793807,29.59000015258789,2016-01-20,0
0.0023656537500253002,29.65999984741211,2016-01-21,1
0.009103184732053527,29.93000030517578,2016-01-22,1
0.011025724034121857,29.60000038146973,2016-01-25,0
0.011486491493450497,29.940000534057614,2016-01-26,1
0.004342052965808979,29.809999465942386,2016-01-27,0
0.005367321378012785,29.96999931335449,2016-01-28,1
0.03503507402288487,31.020000457763672,2016-01-29,1
0.0064474777559004525,30.81999969482422,2016-02-01,0
0.033095407782725024,29.79999923706055,2016-02-02,0
0.015436211283542093,29.34000015258789,2016-02-03,0
0.01465577037966899,29.770000457763672,2016-02-04,1
0.024521314444452845,29.040000915527344,2016-02-05,0
0.007575799372151292,28.81999969482422,2016-02-08,0
0.00034698920845680387,28.809999465942386,2016-02-09,0
0.02013189637131728,28.229999542236328,2016-02-10,0
0.00035424119886639187,28.21999931335449,2016-02-11,0
0.014883064724073069,28.63999938964844,2016-02-12,1
0.004888313546810758,28.78000068664551,2016-02-16,1
0.023974934337967206,29.46999931335449,2016-02-17,1
0.0016966148023588822,29.420000076293945,2016-02-18,0
0.024133276341946504,28.709999084472656,2016-02-19,0
0.022291930247507682,29.35000038146973,2016-02-22,1
0.018739391388779187,28.79999923706055,2016-02-23,0
0.013541712060019776,29.190000534057614,2016-02-24,1
0.01473108247031648,29.6200008392334,2016-02-25,1
0.006076920753787884,29.79999923706055,2016-02-26,1
0.007046949323793807,29.59000015258789,2016-02-29,0
0.026360279912918158,30.3700008392334,2016-03-01,1
0.005597631596846425,30.540000915527344,2016-03-02,1
0.0013097251794243017,30.57999992370605,2016-03-03,1
0.0016350306470010914,30.6299991607666,2016-03-04,1
0.010120841716773113,30.940000534057614,2016-03-07,1
0.012281870121396284,30.559999465942386,2016-03-08,0
0.010144024172398737,30.8700008392334,2016-03-09,1
0.012309658258371403,31.25,2016-03-10,1
0.016320007324218865,31.76000022888184,2016-03-11,1
0.01039042573450499,31.43000030517578,2016-03-14,0
0.006999659917860818,31.649999618530273,2016-03-15,1
0.0012638520066180561,31.690000534057614,2016-03-16,1
0.009151120331066236,31.979999542236328,2016-03-17,1
0.021888704595350434,32.68000030517578,2016-03-18,1
0.010403921340662968,32.34000015258789,2016-03-21,0
0.0006184433416606342,32.31999969482422,2016-03-22,0
0.009900980750178165,32.0,2016-03-23,0
0.003750026226043701,31.8799991607666,2016-03-24,0
0.0006273669476216804,31.899999618530273,2016-03-28,1
0.015047067565045822,32.380001068115234,2016-03-29,1
0.010191414622353819,32.709999084472656,2016-03-30,1
0.011005827588740622,32.34999847412109,2016-03-31,0
0.00309126100572641,32.450000762939446,2016-04-01,1
0.013867511628948363,32.0,2016-04-04,0
0.003125011920928955,31.899999618530273,2016-04-05,0
0.005642702654449574,32.080001831054695,2016-04-06,1
0.016521276924650326,31.54999923706055,2016-04-07,0
0.002535655329337642,31.6299991607666,2016-04-08,1
0.0012646511725792366,31.670000076293945,2016-04-11,1
0.005999385336277135,31.86000061035156,2016-04-12,1
0.00847459047681092,32.130001068115234,2016-04-13,1
0.010270831624159734,31.79999923706055,2016-04-14,0
0.010691828954248814,31.459999084472656,2016-04-15,0
0.0060394322818462355,31.649999618530273,2016-04-18,1
0.0015797547444920041,31.60000038146973,2016-04-19,0
0.012658215623466576,32.0,2016-04-20,1
0.0009375214576722302,31.96999931335449,2016-04-21,0
0.010322174876250317,31.63999938964844,2016-04-22,0
0.00790139079717529,31.38999938964844,2016-04-25,0
0.0003185800916303995,31.399999618530273,2016-04-26,1
0.01114650909941982,31.75,2016-04-27,1
0.02015746109128948,31.11000061035156,2016-04-28,0
0.026679521292901322,30.28000068664551,2016-04-29,0
0.010898279928097509,30.61000061035156,2016-05-02,1
0.008167265436625182,30.36000061035156,2016-05-03,0
0.01679842617354688,29.85000038146973,2016-05-04,0
0.001675016295530161,29.899999618530273,2016-05-05,1
0.004682317685057951,30.040000915527344,2016-05-06,1
0.007989403167519183,29.79999923706055,2016-05-09,0
0.011409401385656813,30.13999938964844,2016-05-10,1
0.002654277548974689,30.059999465942386,2016-05-11,0
0.009980014716914495,29.76000022888184,2016-05-12,0
0.005040309723677235,29.90999984741211,2016-05-13,1
0.016048129210467464,30.38999938964844,2016-05-16,1
0.013491275276292656,29.979999542236328,2016-05-17,0
0.00033356334337989054,29.989999771118164,2016-05-18,1
0.01200402177722791,29.6299991607666,2016-05-19,0
0.01754979657414942,30.149999618530273,2016-05-20,1
0.002653397171417757,30.229999542236328,2016-05-23,1
0.027456167260155283,31.059999465942386,2016-05-24,1
0.010624595279465573,31.38999938964844,2016-05-25,1
0.003185740153365546,31.489999771118164,2016-05-26,1
0.002540486639807111,31.56999969482422,2016-05-27,1
0.0006335273347167905,31.59000015258789,2016-05-31,1
0.0022158814335581536,31.65999984741211,2016-06-01,1
0.003158571760950408,31.76000022888184,2016-06-02,1
0.004408041204015128,31.6200008392334,2016-06-03,0
0.0018975162666010053,31.68000030517578,2016-06-06,1
0.006313095128289665,31.8799991607666,2016-06-07,1
0.0003136834738109516,31.88999938964844,2016-06-08,1
0.0015679255367249414,31.940000534057614,2016-06-09,1
0.003130882272938591,32.040000915527344,2016-06-10,1
0.004057342375260729,32.169998168945305,2016-06-13,1
0.0009325079578593057,32.139999389648445,2016-06-14,0
0.016490317030546868,31.61000061035156,2016-06-15,0
0.002530842206939298,31.690000534057614,2016-06-16,1
0.0022088890389571425,31.76000022888184,2016-06-17,1
0.012909254946749745,32.169998168945305,2016-06-20,1
0.004662776947986104,32.31999969482422,2016-06-21,1
0.0009281800612664936,32.290000915527344,2016-06-22,0
0.021678561260208878,32.990001678466804,2016-06-23,1
0.04364966256871003,31.54999923706055,2016-06-24,0
0.02630744671242633,30.71999931335449,2016-06-27,0
0.015299519245067422,31.190000534057614,2016-06-28,1
0.023725545317324768,31.93000030517578,2016-06-29,1
0.027247069325700816,32.799999237060554,2016-06-30,1
0.0015243670190107838,32.75,2016-07-01,0
0.002137395261808206,32.68000030517578,2016-07-05,0
0.00887395694061282,32.970001220703125,2016-07-06,1
0.006976024680638941,33.200000762939446,2016-07-07,1
0.02409636200832798,34.0,2016-07-08,1
0.011176502003389247,34.380001068115234,2016-07-11,1
0.016288468330302175,34.939998626708984,2016-07-12,1
0.0020034258035345823,35.009998321533196,2016-07-13,1
0.005427090845913994,35.20000076293945,2016-07-14,1
0.0036932120823163967,35.06999969482422,2016-07-15,0
0.0005703010532565394,35.049999237060554,2016-07-18,0
0.0028531324107024117,35.150001525878906,2016-07-19,1
0.015362648005363801,35.689998626708984,2016-07-20,1
0.039787005424052946,34.27000045776367,2016-07-21,0
0.01138019797020707,34.65999984741211,2016-07-22,1
0.0008655158519602493,34.689998626708984,2016-07-25,1
0.01153074493265998,35.09000015258789,2016-07-26,1
0.0074094705158905825,34.830001831054695,2016-07-27,0
0.00172269222327531,34.77000045776367,2016-07-28,0
0.0025884426633013663,34.860000610351555,2016-07-29,1
0.00028692300789858995,34.84999847412109,2016-08-01,0
0.008321294505806567,34.560001373291016,2016-08-02,0
0.008969946787403597,34.25,2016-08-03,0
0.009635089957801303,34.580001831054695,2016-08-04,1
0.011567313186849346,34.97999954223633,2016-08-05,1
0.0017153051479765582,35.040000915527344,2016-08-08,1
0.0034247358289554524,34.919998168945305,2016-08-09,0
0.01116836798677901,34.529998779296875,2016-08-10,0
0.004344092996865165,34.68000030517578,2016-08-11,1
0.003171874549699631,34.56999969482422,2016-08-12,0
0.009835121654305223,34.90999984741211,2016-08-15,1
0.008593504393348942,35.209999084472656,2016-08-16,1
0.005396155400434882,35.02000045776367,2016-08-17,0
0.001427733763763056,34.970001220703125,2016-08-18,0
0.007720916452351302,35.2400016784668,2016-08-19,1
0.0034051908674593025,35.36000061035156,2016-08-22,1
0.0011312475915408657,35.400001525878906,2016-08-23,1
0.007062146588249138,35.150001525878906,2016-08-24,0
0.0017070091233663276,35.09000015258789,2016-08-25,0
0.004844632892735258,35.2599983215332,2016-08-26,1
0.008224643486447384,35.54999923706055,2016-08-29,1
0.004219452295305004,35.70000076293945,2016-08-30,1
0.0053220902702675555,35.88999938964844,2016-08-31,1
0.003622208702314158,36.02000045776367,2016-09-01,1
0.001665779359480354,36.08000183105469,2016-09-02,1
0.01358087136646932,36.56999969482422,2016-09-06,1
0.0030079467123192505,36.459999084472656,2016-09-07,0
0.0005485589211711375,36.43999862670898,2016-09-08,0
0.02744237205505917,35.439998626708984,2016-09-09,0
0.018058781860769358,36.08000183105469,2016-09-12,1
0.013026640710937735,35.61000061035156,2016-09-13,0
0.000280772854867736,35.61999893188477,2016-09-14,1
0.026389738057089388,36.560001373291016,2016-09-15,1
0.030360961541571696,37.66999816894531,2016-09-16,1
0.013538581001409221,37.15999984741211,2016-09-19,0
0.0005382254533315006,37.13999938964844,2016-09-20,0
0.00834683302061169,37.45000076293945,2016-09-21,1
0.0026701861704647094,37.54999923706055,2016-09-22,1
0.009587233493103815,37.18999862670898,2016-09-23,0
0.014519954847276006,36.650001525878906,2016-09-26,0
0.01446108478120084,37.18000030517578,2016-09-27,1
0.006992961791261792,37.43999862670898,2016-09-28,1
0.003205099793971509,37.31999969482422,2016-09-29,0
0.011521980404394712,37.75,2016-09-30,1
0.0023841100023282284,37.65999984741211,2016-10-03,0
0.003186376324242381,37.540000915527344,2016-10-04,0
0.011987233669813876,37.9900016784668,2016-10-05,1
0.0021057650124497295,38.06999969482422,2016-10-06,1
0.0007879900062345801,38.099998474121094,2016-10-07,1
0.002099685552789705,38.02000045776367,2016-10-10,0
0.01972645952051403,37.27000045776367,2016-10-11,0
0.003756355994873123,37.13000106811523,2016-10-12,0
0.004309179714769585,36.97000122070313,2016-10-13,0
0.012983487324515482,37.45000076293945,2016-10-14,1
0.0042723589893874005,37.290000915527344,2016-10-17,0
0.01233572199460889,37.75,2016-10-18,1
0.05933779280706747,35.5099983215332,2016-10-19,0
0.002252830755807477,35.43000030517578,2016-10-20,0
0.00790287261882895,35.150001525878906,2016-10-21,0
0.0031293539368216702,35.2599983215332,2016-10-24,1
0.0045377156843029376,35.09999847412109,2016-10-25,0
0.005128214045607263,34.919998168945305,2016-10-26,0
0.00314996567646189,34.810001373291016,2016-10-27,0
0.0020109075570999817,34.740001678466804,2016-10-28,0
0.003742004811086295,34.86999893188477,2016-10-31,1
0.010037237879037209,34.52000045776367,2016-11-01,0
0.002317439608823149,34.59999847412109,2016-11-02,1
0.019364109783022894,33.93000030517578,2016-11-03,0
0.00943117276587269,33.610000610351555,2016-11-04,0
0.032133234059650684,34.689998626708984,2016-11-07,1
0.0014414255905827737,34.740001678466804,2016-11-08,1
0.00028780429044692206,34.75,2016-11-09,1
0.007194244604316547,34.5,2016-11-10,0
0.003188423488450881,34.610000610351555,2016-11-11,1
0.003756170639197997,34.47999954223633,2016-11-14,0
0.012471006696187791,34.90999984741211,2016-11-15,1
0.002005147382703522,34.84000015258789,2016-11-16,0
0.005166484052452306,35.02000045776367,2016-11-17,1
0.0019988490550892453,34.950000762939446,2016-11-18,0
0.000858334152847643,34.97999954223633,2016-11-21,1
0.014293882405466555,35.47999954223633,2016-11-22,1
0.007891735707706451,35.20000076293945,2016-11-23,0
0.006818120982037436,35.439998626708984,2016-11-25,1
0.001975160765707937,35.5099983215332,2016-11-28,1
0.00563213060252131,35.310001373291016,2016-11-29,0
0.017275575945261298,34.700000762939446,2016-11-30,0
0.027089406937713917,33.759998321533196,2016-12-01,0
0.011848387019136186,34.15999984741211,2016-12-02,1
0.006733007706783099,34.389999389648445,2016-12-05,1
0.009595866150378954,34.720001220703125,2016-12-06,1
0.022465401839668456,35.5,2016-12-07,1
0.005633824308153609,35.70000076293945,2016-12-08,1
0.0016806038462619333,35.7599983215332,2016-12-09,1
0.0058725645701014125,35.970001220703125,2016-12-12,1
0.023074728612455617,36.79999923706055,2016-12-13,1
0.006793478401712302,36.54999923706055,2016-12-14,0
0.0065663935287703845,36.790000915527344,2016-12-15,1
0.013047010880441232,36.310001373291016,2016-12-16,0
0.015973505767588818,36.88999938964844,2016-12-19,1
0.008674429387873958,37.209999084472656,2016-12-20,1
0.006181121953649941,36.97999954223633,2016-12-21,0
0.0013520615921977165,36.93000030517578,2016-12-22,0
0.0010831550283454691,36.97000122070313,2016-12-23,1
0.0027048544987628427,37.06999969482422,2016-12-27,1
0.011869399253607894,36.63000106811523,2016-12-28,0
0.000818967469891632,36.65999984741211,2016-12-29,1
0.010638281267640763,36.27000045776367,2016-12-30,0
